병원명,병원구분,분류,명칭,상세,구분,최저비용,최고비용,소재지,반영일,병원바로가기,Ypos,Xpos
(의)성광의료재단 차움의원,의원,이학요법료,도수치료,,상세보기,"50,000","180,000",서울 강남구,9/29/21,새창,37.5233218,127.0441055
(재)한국산업의학연구소부설그린의원,의원,이학요법료,도수치료,,상세보기,"100,000","180,000",서울 금천구,9/29/21,새창,37.4759429,126.8980969
365바른정형외과의원,의원,이학요법료,도수치료,,상세보기,"70,000","130,000",서울 관악구,9/29/21,새창,37.4863545,126.9395881
365열린가정의학과의원,의원,이학요법료,도수치료,,상세보기,"100,000","150,000",서울 강남구,10/27/21,새창,37.4973826,127.0547242
365열린내과의원,의원,이학요법료,도수치료,,상세보기,"200,000","200,000",서울 노원구,9/29/21,새창,37.6375293,127.0704785
41타워 마디튼튼의원,의원,이학요법료,도수치료,,상세보기,"70,000","100,000",서울 양천구,9/29/21,새창,37.5281774,126.8757769
88신경외과의원,의원,이학요법료,도수치료,,상세보기,"70,000","130,000",서울 영등포구,9/29/21,새창,37.4932685,126.8982249
Dr홍연합의원,의원,이학요법료,도수치료,,상세보기,"100,000","100,000",서울 송파구,9/29/21,새창,37.5290315,127.1160973
OLE(올래)성형외과의원,의원,,,,,미제출,미제출,서울 강남구,,-,,
SK우리들정형외과의원,의원,이학요법료,도수치료,,상세보기,"50,000","50,000",서울 강북구,9/29/21,새창,37.6199404,127.012925
가산미소찬마취통증의학과의원,의원,이학요법료,도수치료,,상세보기,"100,000","150,000",서울 금천구,9/29/21,새창,37.4803344,126.8841305
가산본튼튼의원,의원,이학요법료,도수치료,,상세보기,"70,000","150,000",서울 금천구,1/4/22,새창,37.4814002,126.8837813
가산연세의원,의원,이학요법료,도수치료,,상세보기,"100,000","200,000",서울 금천구,9/29/21,새창,37.4819131,126.8815811
가야성모정형외과의원,의원,이학요법료,도수치료,,상세보기,"50,000","200,000",서울 서초구,9/29/21,새창,37.4931756,126.9897944
가양튼튼신경외과의원,의원,이학요법료,도수치료,,상세보기,"10,000","160,000",서울 강서구,1/3/22,새창,37.5616037,126.8532854
가톨릭성모의원,의원,이학요법료,도수치료,,상세보기,"50,000","50,000",서울 도봉구,9/29/21,새창,37.6546524,127.0378725
가톨릭정형외과의원,의원,이학요법료,도수치료,,상세보기,"30,000","100,000",서울 강남구,9/29/21,새창,37.5088657,127.0377994
가톨릭정형외과의원,의원,이학요법료,도수치료,,상세보기,"40,000","70,000",서울 은평구,9/29/21,새창,37.5088657,127.0377994
가톨릭정형외과의원,의원,이학요법료,도수치료,,상세보기,"30,000","150,000",서울 영등포구,9/29/21,새창,37.5088657,127.0377994
강남바른정형외과의원,의원,이학요법료,도수치료,,상세보기,"100,000","100,000",서울 강남구,9/29/21,새창,37.4980644,127.0293858
강남본정형외과의원,의원,이학요법료,도수치료,,상세보기,"90,000","180,000",서울 송파구,9/29/21,새창,37.502749,127.0973458
강남삼성신경외과의원,의원,이학요법료,도수치료,,상세보기,"60,000","300,000",서울 구로구,11/30/21,새창,37.4841595,126.8994585
강남삼성정형외과의원,의원,이학요법료,도수치료,,상세보기,"100,000","150,000",서울 송파구,9/29/21,새창,,
강남성모정형외과의원,의원,이학요법료,도수치료,,상세보기,"100,000","300,000",서울 동작구,4/25/22,새창,37.4973384,127.052077
강남성모정형외과의원,의원,이학요법료,도수치료,,상세보기,"100,000","100,000",서울 강남구,9/29/21,새창,37.4973384,127.052077
강남세란의원,의원,이학요법료,도수치료,,상세보기,"165,000","255,500",서울 서초구,9/29/21,새창,37.4892425,127.0048247
강남수재활의학과의원,의원,이학요법료,도수치료,,상세보기,"90,000","180,000",서울 서초구,9/29/21,새창,37.4948927,127.0168286
강남스타리움의원,의원,이학요법료,도수치료,,상세보기,"100,000","300,000",서울 서초구,11/15/21,새창,,
강남신논현본튼튼의원,의원,이학요법료,도수치료,,상세보기,"150,000","150,000",서울 서초구,1/17/22,새창,,
강남아산재활의학과의원,의원,이학요법료,도수치료,,상세보기,"80,000","80,000",서울 강남구,9/29/21,새창,,
강남연세재활의학과의원,의원,이학요법료,도수치료,,상세보기,"70,000","140,000",서울 서초구,9/29/21,새창,37.5021441,126.9868224
강남올바른신경외과의원,의원,이학요법료,도수치료,,상세보기,"140,000","140,000",서울 서초구,9/29/21,새창,37.4956227,127.0271068
강남조앤조내과소아과의원,의원,,,,,미제출,미제출,서울 강남구,,-,,
강남척앤척의원,의원,이학요법료,도수치료,,상세보기,"100,000","300,000",서울 강남구,9/29/21,새창,37.4992268,127.0275554
강남초이스정형외과의원,의원,이학요법료,도수치료,,상세보기,"121,200","121,200",서울 영등포구,9/29/21,새창,37.5210051,126.9238388
강남통쾌의원,의원,이학요법료,도수치료,,상세보기,"200,000","200,000",서울 강남구,9/29/21,새창,37.4998385,127.0389434
강동가톨릭정형외과의원,의원,이학요법료,도수치료,,상세보기,"100,000","250,000",서울 강동구,9/29/21,새창,37.5416468,127.1301352
강동본터치정형외과의원,의원,이학요법료,도수치료,,상세보기,"100,000","150,000",서울 강동구,9/29/21,새창,37.5547469,127.1546612
강동신경외과의원,의원,이학요법료,도수치료,,상세보기,"120,000","120,000",서울 강동구,9/29/21,새창,37.5470347,127.1436405
강동천호정형외과의원,의원,이학요법료,도수치료,,상세보기,"80,000","80,000",서울 강동구,9/29/21,새창,37.5381231,127.1263862
강변정형외과의원,의원,이학요법료,도수치료,,상세보기,"60,000","110,000",서울 은평구,9/29/21,새창,37.5928489,126.9134313
강북권의료복지사회적협동조합 명성의원,의원,이학요법료,도수치료,,상세보기,"100,000","100,000",서울 도봉구,9/29/21,새창,,
강북제일내과의원,의원,이학요법료,도수치료,,상세보기,"70,000","200,000",서울 중랑구,9/29/21,새창,37.6153331,127.0768804
강서삼성정형외과의원,의원,이학요법료,도수치료,,상세보기,"200,000","200,000",서울 강서구,9/29/21,새창,37.5334735,126.8633118
강서신경외과의원,의원,이학요법료,도수치료,,상세보기,"100,000","100,000",서울 강서구,9/29/21,새창,37.5588747,126.8446673
강서큰나무재활의학과의원,의원,이학요법료,도수치료,,상세보기,"10,000","280,000",서울 강서구,9/29/21,새창,37.5634076,126.8514389
강서한빛의원,의원,이학요법료,도수치료,,상세보기,"50,000","50,000",서울 강서구,9/29/21,새창,37.5646124,126.8111259
강재활의학과닥터포유의원,의원,이학요법료,도수치료,,상세보기,"30,000","30,000",서울 동대문구,9/29/21,새창,37.5713,127.0705625
건강한성심의원,의원,이학요법료,도수치료,,상세보기,"50,000","100,000",서울 중랑구,9/29/21,새창,37.5961123,127.0999453
건강한정형외과의원,의원,이학요법료,도수치료,,상세보기,"60,000","100,000",서울 강북구,9/29/21,새창,37.6150541,127.0294967
건재활의학과의원,의원,이학요법료,도수치료,,상세보기,"100,000","100,000",서울 서초구,9/29/21,새창,37.4923229,127.0286762
경동정형외과의원,의원,이학요법료,도수치료,,상세보기,"50,000","80,000",서울 동대문구,9/29/21,새창,37.5829491,127.043785
경해가정의원,의원,이학요법료,도수치료,,상세보기,"100,000","100,000",서울 동작구,9/29/21,새창,37.4994861,126.9297253
고덕정형외과의원,의원,이학요법료,도수치료,,상세보기,"100,000","150,000",서울 강동구,9/29/21,새창,37.5572185,127.1689885
고려가정의학과의원,의원,이학요법료,도수치료,,상세보기,"10,000","100,000",서울 구로구,9/29/21,새창,37.4877768,126.8560445
고려고든정형외과의원,의원,이학요법료,도수치료,,상세보기,"70,000","130,000",서울 금천구,9/29/21,새창,37.4544278,126.9012036
고려다온재활의학과의원,의원,이학요법료,도수치료,,상세보기,"70,000","150,000",서울 관악구,3/3/22,새창,37.4819927,126.9427856
고려다온정형외과의원,의원,이학요법료,도수치료,,상세보기,"80,000","160,000",서울 종로구,4/25/22,새창,37.5718676,127.0104921
고려더튼튼정형외과재활의학과의원,의원,이학요법료,도수치료,,상세보기,"80,000","120,000",서울 서초구,9/29/21,새창,37.4870229,126.9828023
고려마취통증의학과의원,의원,이학요법료,도수치료,,상세보기,"70,000","70,000",서울 은평구,11/8/21,새창,37.6005312,126.9215552
고려센트럴재활의학과의원,의원,이학요법료,도수치료,,상세보기,"100,000","100,000",서울 구로구,9/29/21,새창,37.5028513,126.8638908
고려에스마취통증의학과의원,의원,이학요법료,도수치료,,상세보기,"50,000","100,000",서울 양천구,9/29/21,새창,37.5190535,126.8427877
고려정형외과의원,의원,이학요법료,도수치료,,상세보기,"100,000","100,000",서울 강서구,9/29/21,새창,37.5452419,126.8366128
고려정형외과의원,의원,이학요법료,도수치료,,상세보기,"100,000","150,000",서울 관악구,9/29/21,새창,37.5452419,126.8366128
고려정형외과의원,의원,이학요법료,도수치료,,상세보기,"100,000","100,000",서울 중랑구,9/29/21,새창,37.5452419,126.8366128
고려튼튼마취통증의학과의원,의원,이학요법료,도수치료,,상세보기,"40,000","100,000",서울 관악구,9/29/21,새창,37.4737848,126.9659205
고려튼튼외과의원,의원,이학요법료,도수치료,,상세보기,"80,000","180,000",서울 구로구,9/29/21,새창,37.4923721,126.8834274
고성종의원,의원,이학요법료,도수치료,,상세보기,"50,000","200,000",서울 노원구,10/8/21,새창,,
골든정형외과의원,의원,이학요법료,도수치료,,상세보기,"60,000","120,000",서울 영등포구,9/29/21,새창,37.4949995,126.9006442
공덕M(엠)재활의학과의원,의원,이학요법료,도수치료,,상세보기,"110,000","110,000",서울 마포구,9/29/21,새창,37.5424763,126.9513438
공릉참편한의원,의원,이학요법료,도수치료,,상세보기,"90,000","150,000",서울 노원구,9/29/21,새창,37.6254259,127.0858403
관악아산마취통증의학과의원,의원,이학요법료,도수치료,,상세보기,"100,000","100,000",서울 관악구,11/23/21,새창,37.4838481,126.955546
광진성모의원,의원,이학요법료,도수치료,,상세보기,"300,000","300,000",서울 광진구,9/29/21,새창,37.5356631,127.0693472
광화문정형외과의원,의원,이학요법료,도수치료,,상세보기,"120,000","180,000",서울 종로구,9/29/21,새창,37.5718397,126.9733018
광화문참바른정형외과의원,의원,이학요법료,도수치료,,상세보기,"250,000","250,000",서울 종로구,9/29/21,새창,37.5694917,126.979134
교대화인마취통증의학과의원,의원,이학요법료,도수치료,,상세보기,"90,000","250,000",서울 서초구,9/29/21,새창,37.4948789,127.0130795
구로나르샤정형외과의원,의원,이학요법료,도수치료,,상세보기,"50,000","250,000",서울 구로구,9/29/21,새창,37.4858069,126.8858836
구로성모정형외과의원,의원,이학요법료,도수치료,,상세보기,"30,000","30,000",서울 구로구,9/29/21,새창,37.4906462,126.8836781
구로세란의원,의원,이학요법료,도수치료,,상세보기,"60,000","90,000",서울 구로구,9/29/21,새창,37.480474,126.8909287
구로연세의원,의원,이학요법료,도수치료,,상세보기,"1,600","20,000",서울 구로구,9/29/21,새창,,
구로정형외과의원,의원,이학요법료,도수치료,,상세보기,"100,000","100,000",서울 구로구,9/29/21,새창,37.4935825,126.8845105
구의아차산마취통증의학과의원,의원,이학요법료,도수치료,,상세보기,"100,000","150,000",서울 광진구,9/29/21,새창,37.5510895,127.0896115
구파발정형외과의원,의원,이학요법료,도수치료,,상세보기,"100,000","100,000",서울 은평구,9/29/21,새창,37.638625,126.9190942
국민체력센터의원,의원,이학요법료,도수치료,,상세보기,"100,000","150,000",서울 송파구,9/29/21,새창,,
군자뽀빠이정형외과의원,의원,이학요법료,도수치료,,상세보기,"70,000","210,000",서울 광진구,9/29/21,새창,37.5571308,127.0806809
굳쎈정형외과의원,의원,이학요법료,도수치료,,상세보기,"90,000","90,000",서울 노원구,9/29/21,새창,37.6778534,127.0549716
굿닥터정형외과의원,의원,이학요법료,도수치료,,상세보기,"100,000","200,000",서울 광진구,9/29/21,새창,37.5413606,127.0972644
굿모닝의원,의원,이학요법료,도수치료,,상세보기,"120,000","120,000",서울 구로구,9/29/21,새창,37.4977415,127.0650701
굿모닝정형외과의원,의원,이학요법료,도수치료,,상세보기,"20,000","30,000",서울 강북구,9/29/21,새창,37.6258982,127.0270001
굿모닝힐의원,의원,이학요법료,도수치료,,상세보기,"50,000","400,000",서울 동작구,9/29/21,새창,37.5129614,126.9510027
굿본재활의학과의원,의원,이학요법료,도수치료,,상세보기,"120,000","180,000",서울 영등포구,9/29/21,새창,37.5285302,126.9197588
굿본재활의학과의원 가산점,의원,이학요법료,도수치료,,상세보기,"100,000","150,000",서울 금천구,9/29/21,새창,37.467607,126.8865134
굿본재활의학과의원홍대점,의원,이학요법료,도수치료,,상세보기,"40,000","190,000",서울 마포구,9/29/21,새창,37.5560982,126.9234581
굿본정형외과재활의학과의원,의원,이학요법료,도수치료,,상세보기,"90,000","90,000",서울 중구,9/29/21,새창,37.5656481,126.9881455
굿본정형외과재활의학과의원공덕점,의원,이학요법료,도수치료,,상세보기,"70,000","200,000",서울 마포구,9/29/21,새창,37.5474434,126.9530883
권강진정형외과의원,의원,이학요법료,도수치료,,상세보기,"100,000","200,000",서울 성북구,9/29/21,새창,37.5837231,127.0206041
권마취통증의학과의원,의원,이학요법료,도수치료,,상세보기,"30,000","90,000",서울 구로구,9/29/21,새창,37.4901411,126.890481
그린미소마취통증의학과의원,의원,이학요법료,도수치료,,상세보기,"50,000","100,000",서울 은평구,9/29/21,새창,37.6170687,126.9227268
근로복지공단 서울의원,의원,이학요법료,도수치료,,상세보기,"30,000","100,000",서울 영등포구,9/29/21,새창,,
근본정형외과의원,의원,이학요법료,도수치료,,상세보기,"80,000","150,000",서울 광진구,9/29/21,새창,37.545237,127.0869198
금메달정형외과의원,의원,이학요법료,도수치료,,상세보기,"100,000","150,000",서울 서초구,9/29/21,새창,37.5071711,127.0227046
금천대윤정형외과의원,의원,이학요법료,도수치료,,상세보기,"70,000","70,000",서울 금천구,9/29/21,새창,37.4676092,126.8974232
금천삼성본정형외과의원,의원,이학요법료,도수치료,,상세보기,"140,000","140,000",서울 금천구,4/6/22,새창,,
금호정형외과의원,의원,이학요법료,도수치료,,상세보기,"100,000","100,000",서울 성동구,9/29/21,새창,37.5540854,127.0204249
금호탑정형외과의원,의원,이학요법료,도수치료,,상세보기,"100,000","100,000",서울 성동구,9/29/21,새창,37.5488915,127.0164321
기린마취통증의학과의원,의원,이학요법료,도수치료,,상세보기,"100,000","100,000",서울 구로구,9/29/21,새창,37.5527561,127.1554486
기린마취통증의학과의원,의원,이학요법료,도수치료,,상세보기,"100,000","150,000",서울 강동구,9/29/21,새창,37.5527561,127.1554486
기찬마취통증의학과의원,의원,이학요법료,도수치료,,상세보기,"50,000","150,000",서울 종로구,11/10/21,새창,,
김경수정형외과의원,의원,이학요법료,도수치료,,상세보기,"50,000","150,000",서울 강동구,9/29/21,새창,37.5402826,127.1268117
김상수마이크로의원,의원,이학요법료,도수치료,,상세보기,"30,000","150,000",서울 강남구,9/29/21,새창,37.5179871,127.0402998
김성전·김시찬이비인후과의원,의원,이학요법료,도수치료,,상세보기,"200,000","200,000",서울 마포구,9/29/21,새창,,
김성훈가정의학과의원,의원,이학요법료,도수치료,,상세보기,"100,000","100,000",서울 관악구,9/29/21,새창,37.6245986,126.916306
김앤박차이의원,의원,이학요법료,도수치료,,상세보기,"100,000","100,000",서울 종로구,9/29/21,새창,37.5713363,126.9729726
김완호정형외과의원,의원,이학요법료,도수치료,,상세보기,"36,000","36,000",서울 강서구,9/29/21,새창,37.5420388,126.8407584
김용훈정형외과의원,의원,이학요법료,도수치료,,상세보기,"70,000","300,000",서울 강남구,5/16/22,새창,37.4873416,127.0515495
김정서더힐정형외과의원,의원,,,,,보완요청중,보완요청중,서울 성동구,,새창,37.5429959,127.0133515
김진섭정형외과의원,의원,이학요법료,도수치료,,상세보기,"150,000","150,000",서울 송파구,9/29/21,새창,37.5119641,127.1265178
김태욱외과의원,의원,이학요법료,도수치료,,상세보기,"175,210","175,210",서울 강남구,9/29/21,새창,37.4887614,127.0532227
김현수내과의원,의원,이학요법료,도수치료,,상세보기,"150,000","150,000",서울 강남구,9/29/21,새창,,
나기호정형외과의원,의원,이학요법료,도수치료,,상세보기,"90,000","90,000",서울 동대문구,9/29/21,새창,37.5784693,127.0435286
나으람의원,의원,이학요법료,도수치료,,상세보기,"150,000","150,000",서울 강동구,9/29/21,새창,37.5320243,127.1383187
나은미래신경외과의원,의원,이학요법료,도수치료,,상세보기,"50,000","50,000",서울 마포구,9/29/21,새창,37.555424,126.9103653
나음정형외과의원,의원,이학요법료,도수치료,,상세보기,"170,000","170,000",서울 송파구,9/29/21,새창,37.4868777,127.1204564
나인마취통증의학과의원,의원,이학요법료,도수치료,,상세보기,"50,000","100,000",서울 은평구,9/29/21,새창,37.6126506,126.9153614
남기헌정형외과의원,의원,이학요법료,도수치료,,상세보기,"100,000","100,000",서울 서대문구,9/29/21,새창,37.5921151,126.9421382
남대문더본재활의학과의원,의원,이학요법료,도수치료,,상세보기,"30,000","150,000",서울 중구,9/29/21,새창,37.5596664,126.9795418
남대문명동정형외과의원,의원,이학요법료,도수치료,,상세보기,"50,000","100,000",서울 중구,9/29/21,새창,37.5572518,126.976979
남산정형외과의원,의원,이학요법료,도수치료,,상세보기,"80,000","150,000",서울 동대문구,9/29/21,새창,37.5718204,127.0660205
내일맑음재활의학과의원,의원,이학요법료,도수치료,,상세보기,"100,000","120,000",서울 강북구,9/29/21,새창,37.6203258,127.0151356
넘버원마취통증의학과의원,의원,이학요법료,도수치료,,상세보기,"60,000","250,000",서울 강북구,9/29/21,새창,37.631364,127.0245019
네온정형외과의원,의원,이학요법료,도수치료,,상세보기,"60,000","180,000",서울 강남구,1/3/22,새창,37.5179871,127.0402998
노량진튼튼의원,의원,이학요법료,도수치료,,상세보기,"80,000","140,000",서울 동작구,9/29/21,새창,37.5109209,126.9450362
노박의원,의원,이학요법료,도수치료,,상세보기,"50,000","300,000",서울 영등포구,9/29/21,새창,37.5085897,126.9106765
노원마디본의원,의원,이학요법료,도수치료,,상세보기,"70,000","120,000",서울 노원구,9/29/21,새창,37.6530591,127.0613426
노원스카이정형외과의원,의원,이학요법료,도수치료,,상세보기,"200,000","200,000",서울 노원구,9/29/21,새창,37.6541936,127.061435
노원척의원,의원,이학요법료,도수치료,,상세보기,"60,000","300,000",서울 노원구,9/29/21,새창,,
녹번연세정형외과의원,의원,이학요법료,도수치료,,상세보기,"100,000","200,000",서울 은평구,9/29/21,새창,37.6035172,126.9353113
논현신사정형외과의원,의원,이학요법료,도수치료,,상세보기,"130,000","200,000",서울 강남구,9/29/21,새창,37.5150269,127.020372
누리꿈마취통증의학과의원,의원,이학요법료,도수치료,,상세보기,"100,000","150,000",서울 마포구,9/29/21,새창,37.5794648,126.8898316
뉴강서성심의원,의원,이학요법료,도수치료,,상세보기,"25,000","25,000",서울 강서구,9/29/21,새창,37.5732926,126.8088153
뉴본정형외과의원,의원,이학요법료,도수치료,,상세보기,"50,000","100,000",서울 양천구,9/29/21,새창,37.5231293,126.8509756
뉴서울정형외과의원,의원,이학요법료,도수치료,,상세보기,"80,000","160,000",서울 송파구,9/29/21,새창,37.4975194,127.1459982
뉴수도정형외과의원,의원,이학요법료,도수치료,,상세보기,"80,000","150,000",서울 종로구,9/29/21,새창,37.5744986,127.015986
뉴턴마취통증의학과의원,의원,이학요법료,도수치료,,상세보기,"100,000","100,000",서울 광진구,9/29/21,새창,37.5569653,127.0883294
늘푸른재활의학과의원,의원,이학요법료,도수치료,,상세보기,"5,000","5,000",서울 구로구,9/29/21,새창,,
다나라의원,의원,이학요법료,도수치료,,상세보기,"100,000","200,000",서울 송파구,9/29/21,새창,37.5027265,127.097669
다나마취통증의학과의원,의원,이학요법료,도수치료,,상세보기,"50,000","50,000",서울 광진구,9/29/21,새창,37.4883738,127.1024711
다나은신경외과의원,의원,이학요법료,도수치료,,상세보기,"80,000","250,000",서울 강서구,9/29/21,새창,37.5605449,126.8384276
다남재활의학과의원,의원,이학요법료,도수치료,,상세보기,"33,000","100,000",서울 광진구,9/29/21,새창,37.5584028,127.0773321
다시봄날의원,의원,이학요법료,도수치료,,상세보기,"130,000","180,000",서울 성북구,9/29/21,새창,37.5000183,127.0260094
다온삼성정형외과의원,의원,이학요법료,도수치료,,상세보기,"20,000","180,000",서울 은평구,11/22/21,새창,37.6110266,126.9181024
다통한여의도의원,의원,이학요법료,도수치료,,상세보기,"3,000","269,700",서울 영등포구,9/29/21,새창,37.5225179,126.9245977
다편한정형외과의원,의원,이학요법료,도수치료,,상세보기,"60,000","150,000",서울 강남구,9/29/21,새창,37.497226,127.044894
닥터디아이타의원,의원,이학요법료,도수치료,,상세보기,"100,000","250,000",서울 서초구,9/29/21,새창,,
닥터손의원,의원,이학요법료,도수치료,,상세보기,"120,000","150,000",서울 강동구,9/29/21,새창,37.5381231,127.1263862
닥터신베스트의원,의원,이학요법료,도수치료,,상세보기,"100,000","100,000",서울 광진구,9/29/21,새창,37.5392721,127.0626863
닥터에이미의원,의원,,,,,미제출,미제출,서울 강남구,,-,,
닥터엠의원,의원,이학요법료,도수치료,,상세보기,"200,000","200,000",서울 관악구,11/15/21,새창,37.4833043,126.9139652
닥터윤프로마취통증의학과의원,의원,이학요법료,도수치료,,상세보기,"50,000","250,000",서울 용산구,9/29/21,새창,37.5273235,126.9651744
닥터척척의원,의원,이학요법료,도수치료,,상세보기,"100,000","250,000",서울 마포구,9/29/21,새창,37.5801078,126.8889824
닥터효내과의원,의원,이학요법료,도수치료,,상세보기,"200,000","200,000",서울 용산구,11/12/21,새창,,
달리마정형외과의원,의원,이학요법료,도수치료,,상세보기,"60,000","100,000",서울 은평구,9/29/21,새창,37.6342576,126.918551
답십리설정형외과의원,의원,이학요법료,도수치료,,상세보기,"80,000","80,000",서울 동대문구,9/29/21,새창,37.5680203,127.0574429
답십리연세정형외과의원,의원,이학요법료,도수치료,,상세보기,"70,000","70,000",서울 동대문구,9/29/21,새창,37.5670155,127.0569165
당산정형외과의원,의원,이학요법료,도수치료,,상세보기,"90,000","90,000",서울 영등포구,9/29/21,새창,37.533112,126.9041261
대가연마취통증의학과의원,의원,이학요법료,도수치료,,상세보기,"100,000","120,000",서울 송파구,9/29/21,새창,37.4993564,127.1258147
대명앰알씨티의원,의원,이학요법료,도수치료,,상세보기,"30,000","110,000",서울 영등포구,3/10/22,새창,37.536484,126.8960764
대방연세재활의학과의원,의원,이학요법료,도수치료,,상세보기,"85,000","85,000",서울 동작구,9/29/21,새창,37.5087132,126.924863
대신의원,의원,이학요법료,도수치료,,상세보기,"70,000","140,000",서울 강서구,10/8/21,새창,37.5630495,126.8522408
대치삼성정형외과의원,의원,이학요법료,도수치료,,상세보기,"200,000","200,000",서울 강남구,9/29/21,새창,37.4907101,127.0561424
대치에스마취통증의학과의원,의원,이학요법료,도수치료,,상세보기,"100,000","250,000",서울 강남구,9/29/21,새창,37.4930574,127.0583169
대학로 힘정형외과의원,의원,이학요법료,도수치료,,상세보기,"80,000","160,000",서울 종로구,9/29/21,새창,37.5763625,127.0032849
대한건강증진협회서울지회오아시스의원,의원,,,,,미제출,미제출,서울 강남구,,-,,
대한내과의원,의원,이학요법료,도수치료,,상세보기,"80,000","160,000",서울 중구,9/29/21,새창,37.5619014,126.9955133
대한민국의원,의원,이학요법료,도수치료,,상세보기,"135,000","135,000",서울 용산구,9/29/21,새창,37.5833216,127.088577
대힐마취통증의학과의원,의원,이학요법료,도수치료,,상세보기,"100,000","160,000",서울 양천구,11/10/21,새창,37.5247776,126.8758208
더강추정형외과의원,의원,이학요법료,도수치료,,상세보기,"60,000","250,000",서울 강남구,9/29/21,새창,37.4955498,127.0292939
더건강의원,의원,이학요법료,도수치료,,상세보기,"100,000","180,000",서울 강남구,9/29/21,새창,37.5074354,127.0375693
더나은마취통증의학과의원,의원,이학요법료,도수치료,,상세보기,"50,000","50,000",서울 성북구,9/29/21,새창,,
더맑은가정의학과의원,의원,이학요법료,도수치료,,상세보기,"20,000","20,000",서울 중구,9/29/21,새창,,
더바른마취통증의학과의원,의원,이학요법료,도수치료,,상세보기,"100,000","100,000",서울 은평구,9/29/21,새창,37.5871377,126.9170055
더바른성모정형외과의원,의원,이학요법료,도수치료,,상세보기,"90,000","150,000",서울 영등포구,9/29/21,새창,37.4920292,126.9084725
더바름정형외과의원,의원,이학요법료,도수치료,,상세보기,"80,000","120,000",서울 광진구,9/29/21,새창,37.5387334,127.0924764
더밸런스의원,의원,이학요법료,도수치료,,상세보기,"10,000","280,000",서울 중랑구,3/10/22,새창,37.5802856,127.0888289
더스템의원,의원,,,,,미제출,미제출,서울 강남구,,-,37.5266143,127.0441077
더웰스의원,의원,이학요법료,도수치료,,상세보기,"70,000","170,000",서울 송파구,9/29/21,새창,37.5114713,127.0812295
더정형외과의원,의원,이학요법료,도수치료,,상세보기,"120,000","180,000",서울 강남구,9/29/21,새창,37.5083258,127.0587959
더조은마디의원,의원,이학요법료,도수치료,,상세보기,"150,000","150,000",서울 은평구,9/29/21,새창,37.5998958,126.9207005
더케어마취통증의학과의원,의원,이학요법료,도수치료,,상세보기,"150,000","150,000",서울 강남구,9/29/21,새창,37.5052789,127.0483291
더탑재활의학과의원,의원,이학요법료,도수치료,,상세보기,"60,000","180,000",서울 강남구,9/29/21,새창,37.4786142,127.0448081
더편한마취통증의학과의원,의원,이학요법료,도수치료,,상세보기,"80,000","150,000",서울 강서구,9/29/21,새창,37.5601067,126.838266
덕산정형외과의원,의원,이학요법료,도수치료,,상세보기,"60,000","60,000",서울 구로구,9/29/21,새창,37.4954567,126.8441328
덕수재활의학과의원,의원,이학요법료,도수치료,,상세보기,"50,000","50,000",서울 중구,9/29/21,새창,,
독서당정형외과의원,의원,이학요법료,도수치료,,상세보기,"80,000","150,000",서울 성동구,9/29/21,새창,37.5477589,127.0260197
동대문조은신경외과의원,의원,이학요법료,도수치료,,상세보기,"70,000","130,000",서울 동대문구,9/29/21,새창,37.5758951,127.0248807
동서제일의원,의원,이학요법료,도수치료,,상세보기,"100,000","100,000",서울 강북구,9/29/21,새창,37.6201469,127.0182455
동서통합의원,의원,이학요법료,도수치료,,상세보기,"50,000","50,000",서울 강북구,9/29/21,새창,37.6413899,127.0252911
동작에스엔재활의학과의원,의원,이학요법료,도수치료,,상세보기,"120,000","120,000",서울 동작구,9/29/21,새창,37.498814,126.9303664
동호의원,의원,이학요법료,도수치료,,상세보기,"60,000","60,000",서울 성북구,9/29/21,새창,37.588853,127.0065156
둔촌신경외과의원,의원,이학요법료,도수치료,,상세보기,"60,000","180,000",서울 강동구,9/29/21,새창,37.5274004,127.135632
드림한마음재활의학과의원,의원,이학요법료,도수치료,,상세보기,"100,000","270,000",서울 강남구,1/3/22,새창,37.5030095,127.0590063
똑바로정형외과의원,의원,이학요법료,도수치료,,상세보기,"50,000","140,000",서울 양천구,9/29/21,새창,37.5221488,126.851652
라뜰리에뒤메드쌍의원,의원,,,,,미제출,미제출,서울 강남구,,-,,
라파엘의원,의원,이학요법료,도수치료,,상세보기,"100,000","200,000",서울 양천구,9/29/21,새창,37.532907,126.8641533
라파플러스의원,의원,이학요법료,도수치료,,상세보기,"50,000","200,000",서울 송파구,9/29/21,새창,,
로엘심장혈관흉부외과의원,의원,이학요법료,도수치료,,상세보기,"239,900","239,900",서울 종로구,9/29/21,새창,37.5699064,126.9849451
로하스신경외과의원,의원,이학요법료,도수치료,,상세보기,"100,000","150,000",서울 강서구,9/29/21,새창,37.5615258,126.8550614
로하스에스오티의원,의원,이학요법료,도수치료,,상세보기,"130,000","130,000",서울 서초구,9/29/21,새창,37.4873985,127.0285135
루트재활의학과의원,의원,이학요법료,도수치료,,상세보기,"100,000","200,000",서울 동대문구,9/29/21,새창,37.5892032,127.0600381
르셀크리닉의원,의원,이학요법료,도수치료,,상세보기,"100,000","300,000",서울 용산구,9/29/21,새창,,
리더스본정형외과의원,의원,이학요법료,도수치료,,상세보기,"130,000","130,000",서울 동대문구,9/29/21,새창,37.5752238,127.0549266
리드힐마취통증의학과의원,의원,이학요법료,도수치료,,상세보기,"70,000","150,000",서울 강동구,9/29/21,새창,37.5377748,127.1396971
리드힐정형외과의원,의원,이학요법료,도수치료,,상세보기,"100,000","180,000",서울 마포구,9/29/21,새창,37.5771097,126.8914038
리우재활의학과의원,의원,이학요법료,도수치료,,상세보기,"45,000","150,000",서울 강남구,9/29/21,새창,37.5106601,127.0440422
리츠서울내과의원,의원,이학요법료,도수치료,,상세보기,"90,000","90,000",서울 성북구,9/29/21,새창,,
리츠서울신경과의원,의원,이학요법료,도수치료,,상세보기,"100,000","100,000",서울 성북구,9/29/21,새창,37.5884323,127.0169311
리턴의원,의원,,,,,미제출,미제출,서울 강남구,,-,,
린의원,의원,이학요법료,도수치료,,상세보기,"80,000","150,000",서울 강남구,9/29/21,새창,37.5246822,127.0474894
마곡올본재활의학과의원,의원,이학요법료,도수치료,,상세보기,"80,000","200,000",서울 강서구,1/3/22,새창,37.5532397,126.8263894
마곡정형외과의원,의원,이학요법료,도수치료,,상세보기,"80,000","80,000",서울 강서구,9/29/21,새창,37.5681757,126.8246147
마디마디신경외과의원,의원,이학요법료,도수치료,,상세보기,"70,000","210,000",서울 강서구,9/29/21,새창,37.5310213,126.8515929
마디본의원,의원,이학요법료,도수치료,,상세보기,"100,000","150,000",서울 강남구,9/29/21,새창,37.5047001,127.048034
마디안정형외과의원,의원,이학요법료,도수치료,,상세보기,"90,000","170,000",서울 강서구,9/29/21,새창,37.5592737,126.8261369
마디엔신경외과의원,의원,이학요법료,도수치료,,상세보기,"200,000","200,000",서울 금천구,9/29/21,새창,37.4757303,126.8933538
마디척신경외과의원,의원,이학요법료,도수치료,,상세보기,"10,000","10,000",서울 강북구,9/29/21,새창,37.6196683,127.0154298
마디콕마취통증의학과의원,의원,이학요법료,도수치료,,상세보기,"80,000","220,000",서울 성북구,9/29/21,새창,37.5937028,127.0159755
마디튼튼류마내과의원,의원,이학요법료,도수치료,,상세보기,"125,000","125,000",서울 구로구,9/29/21,새창,37.5105879,126.8894776
마디튼튼재활의학과의원,의원,이학요법료,도수치료,,상세보기,"120,000","200,000",서울 관악구,9/29/21,새창,37.4768257,126.9631587
마루의료생협마루의원,의원,이학요법료,도수치료,,상세보기,"50,000","150,000",서울 은평구,9/29/21,새창,37.6011361,126.9300161
마스터연세정형외과의원,의원,이학요법료,도수치료,,상세보기,"100,000","190,000",서울 금천구,9/29/21,새창,37.4508976,126.9024644
마음편한유외과의원,의원,이학요법료,도수치료,,상세보기,"100,000","200,000",서울 서초구,9/29/21,새창,37.4938596,127.0291104
마포바로본정형외과의원,의원,이학요법료,도수치료,,상세보기,"120,000","200,000",서울 마포구,9/29/21,새창,37.5432405,126.9497967
마포합정본정형외과의원,의원,이학요법료,도수치료,,상세보기,"80,000","240,000",서울 마포구,9/29/21,새창,37.5511438,126.91192
만세정형외과의원,의원,이학요법료,도수치료,,상세보기,"80,000","140,000",서울 성북구,9/29/21,새창,37.6104155,127.0569262
맑은하늘마취통증의학과의원,의원,이학요법료,도수치료,,상세보기,"30,000","100,000",서울 강북구,9/29/21,새창,37.6475177,127.0143746
맑은하늘정형외과의원,의원,이학요법료,도수치료,,상세보기,"110,000","200,000",서울 강남구,9/29/21,새창,37.4985271,127.0520964
먹골바른신경외과의원,의원,이학요법료,도수치료,,상세보기,"80,000","120,000",서울 중랑구,9/29/21,새창,37.6115688,127.0780909
메디스포정형외과의원,의원,이학요법료,도수치료,,상세보기,"80,000","120,000",서울 광진구,9/29/21,새창,37.5478327,127.0677534
메디앙정형외과의원,의원,이학요법료,도수치료,,상세보기,"90,000","180,000",서울 성동구,9/29/21,새창,37.5482015,127.0185751
메디원의원,의원,이학요법료,도수치료,,상세보기,"150,000","150,000",서울 구로구,9/29/21,새창,,
메디척정형외과의원,의원,이학요법료,도수치료,,상세보기,"150,000","150,000",서울 종로구,9/29/21,새창,37.5708266,127.0081219
메디홈즈의원,의원,이학요법료,도수치료,,상세보기,"100,000","110,000",서울 노원구,9/29/21,새창,37.62532,127.0797227
면목나은정형외과의원,의원,이학요법료,도수치료,,상세보기,"70,000","130,000",서울 중랑구,9/29/21,새창,37.5902738,127.0872886
명동리본의원,의원,,,,,미제출,미제출,서울 중구,,-,,
명의마취통증의학과의원,의원,이학요법료,도수치료,,상세보기,"10,000","50,000",서울 관악구,9/29/21,새창,37.5014233,127.1101902
명이비인후과의원,의원,이학요법료,도수치료,,상세보기,"8,000","8,000",서울 금천구,9/29/21,새창,,
명일봄마취통증의학과의원,의원,이학요법료,도수치료,,상세보기,"70,000","120,000",서울 강동구,9/29/21,새창,37.5403194,127.0950479
모세마취통증의학과의원,의원,이학요법료,도수치료,,상세보기,"100,000","180,000",서울 관악구,9/29/21,새창,37.4769679,126.9613023
모즈의원,의원,이학요법료,도수치료,,상세보기,"100,000","200,000",서울 강남구,9/29/21,새창,37.5244075,127.0438283
목동연세365의원,의원,이학요법료,도수치료,,상세보기,"80,000","80,000",서울 양천구,9/29/21,새창,37.5239662,126.8754412
목동정형외과의원,의원,이학요법료,도수치료,,상세보기,"80,000","150,000",서울 양천구,9/29/21,새창,37.52609,126.871084
목동킴스의원,의원,이학요법료,도수치료,,상세보기,"60,000","60,000",서울 양천구,9/29/21,새창,,
목동튼튼마취통증의학과의원,의원,이학요법료,도수치료,,상세보기,"80,000","250,000",서울 양천구,3/16/22,새창,,
몸편한재활의학과의원,의원,이학요법료,도수치료,,상세보기,"100,000","100,000",서울 서대문구,9/29/21,새창,37.5700104,126.9143561
무척시원정형외과의원,의원,이학요법료,도수치료,,상세보기,"100,000","200,000",서울 성동구,9/29/21,새창,37.5100801,127.0272193
문동언마취통증의학과의원,의원,이학요법료,도수치료,,상세보기,"140,000","140,000",서울 강남구,9/29/21,새창,37.4942515,127.0139865
문병철정형외과의원,의원,이학요법료,도수치료,,상세보기,"20,000","20,000",서울 은평구,9/29/21,새창,37.6118281,126.9177227
문순영정형외과의원,의원,이학요법료,도수치료,,상세보기,"60,000","60,000",서울 금천구,9/29/21,새창,37.4663741,126.9019933
문정이누리정형외과의원,의원,이학요법료,도수치료,,상세보기,"200,000","200,000",서울 송파구,9/29/21,새창,37.4846615,127.1209336
미가인의원,의원,이학요법료,도수치료,,상세보기,"50,000","150,000",서울 강남구,9/29/21,새창,,
미라클의원,의원,이학요법료,도수치료,,상세보기,"50,000","100,000",서울 서초구,9/29/21,새창,37.4932705,127.0293874
미래로으랏차정형외과의원,의원,이학요법료,도수치료,,상세보기,"80,000","150,000",서울 동대문구,9/29/21,새창,37.5787365,127.0418316
미래마취통증의학과의원,의원,이학요법료,도수치료,,상세보기,"100,000","100,000",서울 강북구,9/29/21,새창,37.6310199,127.0239935
미래의원,의원,이학요법료,도수치료,,상세보기,"100,000","200,000",서울 동대문구,9/29/21,새창,37.6325635,127.0517605
미사랑의원,의원,이학요법료,도수치료,,상세보기,"100,000","100,000",서울 금천구,9/29/21,새창,37.4505239,126.9017597
미아사거리정형외과의원,의원,이학요법료,도수치료,,상세보기,"60,000","130,000",서울 강북구,9/29/21,새창,37.6127197,127.0297763
미프로박재우의원,의원,,,,,미제출,미제출,서울 강남구,,-,,
민정형외과의원,의원,이학요법료,도수치료,,상세보기,"80,000","120,000",서울 은평구,9/29/21,새창,37.6181534,126.9203896
믿음마취통증의학과의원,의원,이학요법료,도수치료,,상세보기,"100,000","150,000",서울 강서구,9/29/21,새창,,
바램의원,의원,이학요법료,도수치료,,상세보기,"180,000","180,000",서울 서대문구,9/29/21,새창,37.5569454,126.9432628
바로굿정형외과의원,의원,이학요법료,도수치료,,상세보기,"150,000","150,000",서울 강북구,9/29/21,새창,37.6378733,127.0250751
바로나 마취통증의학과 의원,의원,이학요법료,도수치료,,상세보기,"100,000","100,000",서울 동작구,9/29/21,새창,,
바로마디의원,의원,이학요법료,도수치료,,상세보기,"120,000","120,000",서울 마포구,9/29/21,새창,37.5538415,126.9559847
바로바로의원,의원,이학요법료,도수치료,,상세보기,"90,000","90,000",서울 도봉구,9/29/21,새창,37.6710824,127.0410757
바로에스마취통증의학과의원,의원,이학요법료,도수치료,,상세보기,"50,000","150,000",서울 영등포구,9/29/21,새창,37.5056669,126.9084257
바로이비인후과의원,의원,이학요법료,도수치료,,상세보기,"30,000","30,000",서울 양천구,9/29/21,새창,,
바로정형외과의원,의원,이학요법료,도수치료,,상세보기,"40,000","180,000",서울 중랑구,9/29/21,새창,37.593979,127.074805
바로척마취통증의학과의원,의원,이학요법료,도수치료,,상세보기,"50,000","150,000",서울 성북구,9/29/21,새창,37.5889019,127.0050698
바로척척의원,의원,이학요법료,도수치료,,상세보기,"60,000","60,000",서울 강서구,9/29/21,새창,37.5357686,127.1341414
바로척척의원,의원,이학요법료,도수치료,,상세보기,"60,000","120,000",서울 강동구,9/29/21,새창,37.5357686,127.1341414
바로편한정형외과의원,의원,이학요법료,도수치료,,상세보기,"40,000","240,000",서울 광진구,9/29/21,새창,37.5362295,127.0832168
바른마디의원,의원,이학요법료,도수치료,,상세보기,"30,000","180,000",서울 강남구,9/29/21,새창,37.5074386,127.0597679
바른몸재활의학과의원,의원,이학요법료,도수치료,,상세보기,"100,000","150,000",서울 송파구,12/21/21,새창,37.4924034,127.1443924
바른몸정형외과의원,의원,이학요법료,도수치료,,상세보기,"100,000","100,000",서울 양천구,9/29/21,새창,37.5365157,127.0598581
바른몸정형외과의원,의원,이학요법료,도수치료,,상세보기,"15,000","15,000",서울 성동구,9/29/21,새창,37.5365157,127.0598581
바른삼성정형외과의원,의원,이학요법료,도수치료,,상세보기,"30,000","190,000",서울 관악구,9/29/21,새창,37.4808229,126.953191
바른성모신경외과의원,의원,이학요법료,도수치료,,상세보기,"28,500","298,500",서울 관악구,9/29/21,새창,37.4822682,126.9459869
바른성모정형외과의원,의원,이학요법료,도수치료,,상세보기,"100,000","100,000",서울 은평구,9/29/21,새창,37.6348535,126.9195847
바른손연세재활의학과의원,의원,이학요법료,도수치료,,상세보기,"100,000","100,000",서울 서초구,9/29/21,새창,37.4821343,127.0371098
바른윤오정형외과의원,의원,이학요법료,도수치료,,상세보기,"100,000","100,000",서울 양천구,9/29/21,새창,37.5199292,126.852709
바른의원,의원,이학요법료,도수치료,,상세보기,"50,000","50,000",서울 관악구,9/29/21,새창,37.4750625,126.9368917
바른정형외과의원,의원,이학요법료,도수치료,,상세보기,"30,000","30,000",서울 구로구,9/29/21,새창,37.4924145,126.8434067
바른정형외과의원,의원,이학요법료,도수치료,,상세보기,"60,000","120,000",서울 중랑구,9/29/21,새창,37.4924145,126.8434067
바를정마취통증의학과의원,의원,이학요법료,도수치료,,상세보기,"100,000","150,000",서울 영등포구,9/29/21,새창,37.5209455,126.9046186
박상준의원,의원,이학요법료,도수치료,,상세보기,"30,000","150,000",서울 영등포구,9/29/21,새창,37.5343222,126.9004219
박성진정형외과의원,의원,이학요법료,도수치료,,상세보기,"150,000","150,000",서울 송파구,9/29/21,새창,37.5091242,127.086342
박순용정형외과의원,의원,이학요법료,도수치료,,상세보기,"100,000","100,000",서울 강북구,9/29/21,새창,37.6428694,127.0220537
박영승정형외과의원,의원,이학요법료,도수치료,,상세보기,"100,000","160,000",서울 중랑구,9/29/21,새창,37.6073332,127.0780082
박영우정형외과의원,의원,이학요법료,도수치료,,상세보기,"60,000","60,000",서울 강동구,9/29/21,새창,37.5461985,127.1337146
박정형외과의원,의원,이학요법료,도수치료,,상세보기,"50,000","100,000",서울 종로구,11/18/21,새창,37.5731663,127.0151281
박제상재활의학과의원,의원,이학요법료,도수치료,,상세보기,"150,000","150,000",서울 은평구,9/29/21,새창,37.6123464,126.9286789
박종수신경외과의원,의원,이학요법료,도수치료,,상세보기,"30,000","170,000",서울 강동구,1/12/22,새창,37.550893,127.1433726
박종화의원,의원,이학요법료,도수치료,,상세보기,"50,000","50,000",서울 강남구,9/29/21,새창,37.4971924,127.06143
박학수마취통증의학과의원,의원,이학요법료,도수치료,,상세보기,"70,000","130,000",서울 강서구,9/29/21,새창,37.5593822,126.8382182
반에이치의원,의원,이학요법료,도수치료,,상세보기,"100,000","200,000",서울 서초구,9/29/21,새창,37.5080139,127.0331849
반포성모정형외과의원,의원,이학요법료,도수치료,,상세보기,"150,000","290,000",서울 서초구,9/29/21,새창,37.5025783,127.0107813
반포신경외과의원,의원,이학요법료,도수치료,,상세보기,"120,000","180,000",서울 서초구,9/29/21,새창,37.5065445,127.0048933
반포연세정형외과의원,의원,이학요법료,도수치료,,상세보기,"100,000","100,000",서울 서초구,4/26/22,새창,37.5072692,127.0072885
발산마곡올바른마취통증의학과의원,의원,이학요법료,도수치료,,상세보기,"80,000","150,000",서울 강서구,9/29/21,새창,37.5581224,126.8377712
발산정형외과의원,의원,이학요법료,도수치료,,상세보기,"90,000","240,000",서울 강서구,10/8/21,새창,37.5589464,126.8378241
백내과의원,의원,,,,,미제출,미제출,서울 종로구,,-,,
백림마취통증의학과의원,의원,이학요법료,도수치료,,상세보기,"100,000","150,000",서울 종로구,9/29/21,새창,37.5714556,127.0047578
백세의원,의원,,,,,미제출,미제출,서울 강남구,,-,,
백신경외과의원,의원,이학요법료,도수치료,,상세보기,"110,000","110,000",서울 마포구,9/29/21,새창,37.6621935,127.03399
밸런스정형외과의원,의원,이학요법료,도수치료,,상세보기,"70,000","70,000",서울 강서구,9/29/21,새창,37.5601251,126.856347
베스트본의원한의원,의원,이학요법료,도수치료,,상세보기,"100,000","160,000",서울 마포구,9/29/21,새창,37.5563843,126.9197004
베스트성모정형외과의원,의원,이학요법료,도수치료,,상세보기,"80,000","80,000",서울 양천구,10/8/21,새창,37.5177576,126.8420198
베스트연세재활의학과의원,의원,이학요법료,도수치료,,상세보기,"50,000","50,000",서울 마포구,9/29/21,새창,37.5703092,126.9034459
베스트의원,의원,이학요법료,도수치료,,상세보기,"100,000","150,000",서울 송파구,9/29/21,새창,37.5994018,126.948653
베스트의원,의원,이학요법료,도수치료,,상세보기,"30,000","30,000",서울 관악구,9/29/21,새창,37.5994018,126.948653
보그플라스틱의원,의원,,,,,미제출,미제출,서울 강남구,,-,,
보라매삼성정형외과의원,의원,이학요법료,도수치료,,상세보기,"90,000","140,000",서울 동작구,3/25/22,새창,,
보라매정형외과의원,의원,이학요법료,도수치료,,상세보기,"40,000","40,000",서울 관악구,9/29/21,새창,37.4900225,126.9271079
보문제일의원,의원,,,,,미제출,미제출,서울 성북구,,-,,
본(本)나음정형외과의원,의원,이학요법료,도수치료,,상세보기,"80,000","120,000",서울 송파구,9/29/21,새창,37.5088888,127.1268393
본가정의학과의원,의원,이학요법료,도수치료,,상세보기,"50,000","50,000",서울 송파구,9/29/21,새창,37.5212331,127.1086482
본라인의원,의원,이학요법료,도수치료,,상세보기,"97,100","198,800",서울 강남구,9/29/21,새창,37.503206,127.0493328
본마디의원,의원,이학요법료,도수치료,,상세보기,"100,000","160,000",서울 광진구,9/29/21,새창,37.5574724,127.0882668
본밸런스마취통증의학과의원,의원,이학요법료,도수치료,,상세보기,"150,000","150,000",서울 서초구,4/7/22,새창,,
본베스트정형외과의원,의원,이학요법료,도수치료,,상세보기,"60,000","150,000",서울 강서구,9/29/21,새창,37.5472856,126.8745461
본앤본정형외과의원,의원,이학요법료,도수치료,,상세보기,"90,000","150,000",서울 강서구,2/15/22,새창,37.562501,126.8511272
본정형외과의원,의원,이학요법료,도수치료,,상세보기,"100,000","100,000",서울 영등포구,9/29/21,새창,37.5408214,127.1467522
본정형외과의원,의원,이학요법료,도수치료,,상세보기,"60,000","100,000",서울 중랑구,9/29/21,새창,37.5408214,127.1467522
불광탑재활의학과의원,의원,이학요법료,도수치료,,상세보기,"100,000","200,000",서울 은평구,9/29/21,새창,37.6108049,126.9300557
불광튼튼척의원,의원,이학요법료,도수치료,,상세보기,"40,000","130,000",서울 은평구,9/29/21,새창,37.6094203,126.9303002
불광편안한재활의학과의원,의원,이학요법료,도수치료,,상세보기,"70,000","70,000",서울 은평구,2/17/22,새창,,
뷰티앤영의원,의원,,,,,보완요청중,보완요청중,서울 강남구,,새창,,
브라보마취통증의학과의원,의원,이학요법료,도수치료,,상세보기,"80,000","80,000",서울 노원구,10/14/21,새창,37.6599017,127.0698386
비비재활의학과의원,의원,이학요법료,도수치료,,상세보기,"120,000","250,000",서울 용산구,9/29/21,새창,37.5290927,126.9668857
비엔에스신경외과의원,의원,이학요법료,도수치료,,상세보기,"80,000","150,000",서울 영등포구,9/29/21,새창,,
뽀빠이마취통증의학과의원,의원,이학요법료,도수치료,,상세보기,"160,000","160,000",서울 양천구,9/29/21,새창,37.5249741,126.8738106
뽀빠이정형외과의원,의원,이학요법료,도수치료,,상세보기,"50,000","250,000",서울 송파구,9/29/21,새창,37.5024998,127.099756
뿌리신경외과의원,의원,이학요법료,도수치료,,상세보기,"70,000","70,000",서울 광진구,9/29/21,새창,37.5336291,127.0843868
사가정마취통증의학과의원,의원,이학요법료,도수치료,,상세보기,"100,000","150,000",서울 중랑구,9/29/21,새창,,
사계절신경외과의원,의원,이학요법료,도수치료,,상세보기,"90,000","90,000",서울 동작구,9/29/21,새창,37.4882926,126.9798912
사단법인대한민국재향소방동우회 희망메디칼의원,의원,이학요법료,도수치료,,상세보기,"50,000","250,000",서울 동대문구,9/29/21,새창,37.5767633,127.0249048
사당정형외과의원,의원,이학요법료,도수치료,,상세보기,"90,000","220,000",서울 동작구,9/29/21,새창,37.4777906,126.981255
사랑의손길마취통증의학과의원,의원,이학요법료,도수치료,,상세보기,"20,000","50,000",서울 광진구,9/29/21,새창,37.5406201,127.0695369
사회복지법인 에스알씨(SRC)부설의원,의원,이학요법료,도수치료,,상세보기,"35,000","180,000",서울 관악구,9/29/21,새창,37.4931756,126.9274006
삼대국민의원,의원,이학요법료,도수치료,,상세보기,"100,000","100,000",서울 강남구,9/29/21,새창,,
삼성바른신경외과의원,의원,이학요법료,도수치료,,상세보기,"100,000","150,000",서울 은평구,9/29/21,새창,37.638914,126.9188965
삼성밸런스의원,의원,이학요법료,도수치료,,상세보기,"100,000","300,000",서울 강남구,9/29/21,새창,37.5126016,127.0508054
삼성본정형외과의원,의원,이학요법료,도수치료,,상세보기,"100,000","150,000",서울 성북구,9/29/21,새창,37.5397472,127.1233821
삼성본정형외과의원,의원,이학요법료,도수치료,,상세보기,"90,000","180,000",서울 강동구,9/29/21,새창,37.5397472,127.1233821
삼성서울의원,의원,이학요법료,도수치료,,상세보기,"100,000","100,000",서울 강서구,9/29/21,새창,37.5528825,126.8306181
삼성서울정형외과의원,의원,이학요법료,도수치료,,상세보기,"80,000","150,000",서울 금천구,9/29/21,새창,37.4530528,126.9016824
삼성서울정형외과의원,의원,이학요법료,도수치료,,상세보기,"100,000","180,000",서울 중랑구,9/29/21,새창,37.4530528,126.9016824
삼성신경외과의원,의원,이학요법료,도수치료,,상세보기,"100,000","100,000",서울 용산구,9/29/21,새창,37.538702,126.9888053
삼성웰내과의원,의원,,,,,미제출,미제출,서울 성동구,,새창,,
삼성웰재활의학과의원,의원,이학요법료,도수치료,,상세보기,"120,000","180,000",서울 강남구,9/29/21,새창,37.5071218,127.0560618
삼성유신경외과의원,의원,이학요법료,도수치료,,상세보기,"30,000","150,000",서울 동작구,9/29/21,새창,37.504266,126.9384205
삼성정형외과의원,의원,이학요법료,도수치료,,상세보기,"50,000","50,000",서울 금천구,9/29/21,새창,37.5181016,127.044728
삼성정형외과의원,의원,이학요법료,도수치료,,상세보기,"130,000","130,000",서울 구로구,9/29/21,새창,37.5181016,127.044728
삼성정형외과의원,의원,이학요법료,도수치료,,상세보기,"10,000","10,000",서울 관악구,9/29/21,새창,37.5181016,127.044728
삼성제일외과의원,의원,이학요법료,도수치료,,상세보기,"50,000","50,000",서울 광진구,9/29/21,새창,37.532704,127.0779507
삼성척재활의학과의원,의원,이학요법료,도수치료,,상세보기,"45,000","260,000",서울 도봉구,9/29/21,새창,37.6527457,127.0470038
삼성척척마취통증의학과의원,의원,이학요법료,도수치료,,상세보기,"30,000","100,000",서울 관악구,9/29/21,새창,37.4842629,126.9554383
삼성탑마취통증의학과의원,의원,이학요법료,도수치료,,상세보기,"70,000","70,000",서울 성북구,9/29/21,새창,37.6108526,127.0356515
삼성탑신경외과의원,의원,이학요법료,도수치료,,상세보기,"120,000","120,000",서울 양천구,5/2/22,새창,37.5242324,126.8416565
상계바론정형외과의원,의원,이학요법료,도수치료,,상세보기,"30,000","320,000",서울 노원구,9/29/21,새창,37.6589524,127.0725471
상계성모의원,의원,이학요법료,도수치료,,상세보기,"100,000","100,000",서울 노원구,9/29/21,새창,37.6751985,127.0549803
상도바른정형외과의원,의원,이학요법료,도수치료,,상세보기,"100,000","150,000",서울 동작구,9/29/21,새창,37.5047392,126.9457522
상도성모정형외과의원,의원,이학요법료,도수치료,,상세보기,"50,000","150,000",서울 동작구,9/29/21,새창,37.5034103,126.9362568
상도제일정형외과의원,의원,이학요법료,도수치료,,상세보기,"150,000","150,000",서울 동작구,9/29/21,새창,37.4995764,126.9326248
상봉바름마디의원,의원,이학요법료,도수치료,,상세보기,"70,000","120,000",서울 중랑구,9/29/21,새창,37.5947187,127.0856738
상암정형외과의원,의원,이학요법료,도수치료,,상세보기,"25,000","25,000",서울 마포구,9/29/21,새창,37.5763559,126.8932098
상암탑신경외과의원,의원,이학요법료,도수치료,,상세보기,"150,000","150,000",서울 마포구,9/29/21,새창,37.5801078,126.8889824
상일정형외과의원,의원,이학요법료,도수치료,,상세보기,"100,000","200,000",서울 광진구,9/29/21,새창,37.5573672,127.1684125
상일정형외과의원,의원,이학요법료,도수치료,,상세보기,"90,000","150,000",서울 강동구,9/29/21,새창,37.5573672,127.1684125
새로운정형외과의원,의원,이학요법료,도수치료,,상세보기,"80,000","100,000",서울 금천구,9/29/21,새창,37.4644786,126.9026563
새본재활의학과의원,의원,이학요법료,도수치료,,상세보기,"100,000","100,000",서울 성동구,9/29/21,새창,37.5462038,127.0496378
새봄재활의학과의원,의원,이학요법료,도수치료,,상세보기,"100,000","100,000",서울 노원구,9/29/21,새창,37.6569219,127.0618369
새생명 한 의원,의원,,,,,미제출,미제출,서울 강남구,,-,,
새생명내과의원,의원,이학요법료,도수치료,,상세보기,"40,000","40,000",서울 관악구,9/29/21,새창,,
새서울연합의원,의원,이학요법료,도수치료,,상세보기,"50,000","250,000",서울 노원구,9/29/21,새창,37.6781037,127.0557057
새서울정형외과의원,의원,이학요법료,도수치료,,상세보기,"30,000","100,000",서울 은평구,9/29/21,새창,37.4657595,127.1012408
새연세재활의학과의원,의원,이학요법료,도수치료,,상세보기,"80,000","80,000",서울 동작구,9/29/21,새창,37.5078889,126.9623927
새연세정형외과의원,의원,이학요법료,도수치료,,상세보기,"100,000","100,000",서울 노원구,9/29/21,새창,37.626473,127.0786598
새잎마취통증의학과의원,의원,이학요법료,도수치료,,상세보기,"60,000","120,000",서울 중랑구,9/29/21,새창,37.5900456,127.0939463
새하늘정형외과의원,의원,이학요법료,도수치료,,상세보기,"100,000","230,000",서울 마포구,9/29/21,새창,37.5572103,126.9236203
새힘신경외과의원,의원,이학요법료,도수치료,,상세보기,"80,000","150,000",서울 관악구,9/29/21,새창,37.4711636,126.9340785
새힘재활의학과의원,의원,이학요법료,도수치료,,상세보기,"130,000","130,000",서울 송파구,9/29/21,새창,37.4846615,127.1209336
생생마취통증의학과의원,의원,이학요법료,도수치료,,상세보기,"80,000","80,000",서울 강서구,9/29/21,새창,37.5881634,127.0872937
서대문정형외과의원,의원,이학요법료,도수치료,,상세보기,"100,000","100,000",서울 서대문구,9/29/21,새창,37.5647835,126.9664263
서울강남재활의학과의원,의원,이학요법료,도수치료,,상세보기,"50,000","250,000",서울 강남구,9/29/21,새창,37.495847,127.0527545
서울강한신경외과의원,의원,이학요법료,도수치료,,상세보기,"50,000","100,000",서울 금천구,9/29/21,새창,37.4589956,126.9053563
서울경희통합의원,의원,이학요법료,도수치료,,상세보기,"80,000","140,000",서울 성북구,9/29/21,새창,37.5900456,127.0104735
서울공릉재활의학과의원,의원,이학요법료,도수치료,,상세보기,"50,000","100,000",서울 노원구,9/29/21,새창,37.6220009,127.0745003
서울기운찬신경외과의원,의원,이학요법료,도수치료,,상세보기,"30,000","100,000",서울 송파구,9/29/21,새창,37.5095416,127.0858457
서울나솔마취통증의학과의원,의원,이학요법료,도수치료,,상세보기,"60,000","240,000",서울 성동구,9/29/21,새창,37.54171,127.0180084
서울넘버원정형외과의원,의원,이학요법료,도수치료,,상세보기,"80,000","80,000",서울 강북구,9/29/21,새창,37.6208438,127.0209334
서울대입구정형외과의원,의원,이학요법료,도수치료,,상세보기,"150,000","150,000",서울 관악구,9/29/21,새창,37.4815413,126.9534065
서울대통마취통증의학과의원,의원,이학요법료,도수치료,,상세보기,"20,000","150,000",서울 은평구,9/29/21,새창,37.6203877,126.919819
서울동아의원,의원,이학요법료,도수치료,,상세보기,"50,000","120,000",서울 노원구,9/29/21,새창,,
서울드림재활의학과의원,의원,이학요법료,도수치료,,상세보기,"70,000","70,000",서울 성북구,9/29/21,새창,37.6035772,127.0416558
서울마취통증의학과의원,의원,이학요법료,도수치료,,상세보기,"150,000","150,000",서울 송파구,9/29/21,새창,37.5617465,127.0342572
서울마취통증의학과의원,의원,이학요법료,도수치료,,상세보기,"100,000","100,000",서울 성동구,9/29/21,새창,37.5617465,127.0342572
서울맥마취통증의학과의원,의원,이학요법료,도수치료,,상세보기,"100,000","100,000",서울 노원구,9/29/21,새창,37.6541852,127.0614531
서울메디안의원,의원,이학요법료,도수치료,,상세보기,"90,000","180,000",서울 강동구,9/29/21,새창,37.5368812,127.1354283
서울미래마취통증의학과의원,의원,이학요법료,도수치료,,상세보기,"70,000","130,000",서울 동대문구,9/29/21,새창,37.5678418,127.0520554
서울바른마취통증의학과의원,의원,이학요법료,도수치료,,상세보기,"120,000","120,000",서울 구로구,9/29/21,새창,37.4976102,126.8556191
서울베스트마취통증의학과의원,의원,이학요법료,도수치료,,상세보기,"60,000","120,000",서울 동작구,9/29/21,새창,37.4882228,126.9807015
서울베스트의료의원,의원,이학요법료,도수치료,,상세보기,"50,000","200,000",서울 중구,11/3/21,새창,37.5671017,127.017344
서울베스트재활의학과의원,의원,이학요법료,도수치료,,상세보기,"70,000","150,000",서울 강동구,9/29/21,새창,37.553855,127.1439649
서울본재활의학과의원,의원,이학요법료,도수치료,,상세보기,"50,000","180,000",서울 영등포구,9/29/21,새창,37.5571351,127.1645103
서울본재활의학과의원,의원,이학요법료,도수치료,,상세보기,"80,000","170,000",서울 강동구,9/29/21,새창,37.5571351,127.1645103
서울본재활의학과의원,의원,이학요법료,도수치료,,상세보기,"50,000","180,000",서울 종로구,9/29/21,새창,37.5571351,127.1645103
서울봄연합의원,의원,이학요법료,도수치료,,상세보기,"100,000","150,000",서울 강북구,9/29/21,새창,,
서울삼성의원,의원,이학요법료,도수치료,,상세보기,"90,000","90,000",서울 금천구,9/29/21,새창,37.4511323,126.90901
서울삼성재활의학과의원,의원,이학요법료,도수치료,,상세보기,"20,000","130,000",서울 종로구,9/29/21,새창,37.5707752,127.0037425
서울삼성정형외과의원,의원,이학요법료,도수치료,,상세보기,"50,000","100,000",서울 강서구,9/29/21,새창,37.573658,126.81109
서울삼성정형외과의원,의원,이학요법료,도수치료,,상세보기,"90,000","230,000",서울 광진구,9/29/21,새창,37.573658,126.81109
서울생생정형외과의원,의원,이학요법료,도수치료,,상세보기,"100,000","250,000",서울 강남구,9/29/21,새창,37.5086361,127.0586131
서울생생정형외과의원,의원,이학요법료,도수치료,,상세보기,"120,000","250,000",서울 영등포구,9/29/21,새창,37.5086361,127.0586131
서울성모신경외과의원,의원,이학요법료,도수치료,,상세보기,"200,000","200,000",서울 강남구,9/29/21,새창,37.5139077,127.0315417
서울성모정형외과의원,의원,이학요법료,도수치료,,상세보기,"5,000","140,000",서울 동작구,9/29/21,새창,37.6642287,127.0658746
서울성모정형외과의원,의원,이학요법료,도수치료,,상세보기,"90,000","250,000",서울 노원구,9/29/21,새창,37.6642287,127.0658746
서울성모정형외과의원,의원,이학요법료,도수치료,,상세보기,"90,000","170,000",서울 동대문구,9/29/21,새창,37.6642287,127.0658746
서울성모정형외과의원,의원,이학요법료,도수치료,,상세보기,"100,000","250,000",서울 서초구,9/29/21,새창,37.6642287,127.0658746
서울성심정형외과의원,의원,이학요법료,도수치료,,상세보기,"100,000","100,000",서울 용산구,9/29/21,새창,37.5347806,126.9609063
서울센트럴이비인후과의원,의원,,,,,미제출,미제출,서울 중구,,새창,,
서울소망의료소비자생활협동조합 서울소망의원,의원,이학요법료,도수치료,,상세보기,"100,000","100,000",서울 동작구,9/29/21,새창,,
서울송마취통증의학과의원,의원,이학요법료,도수치료,,상세보기,"100,000","200,000",서울 용산구,9/29/21,새창,37.5279871,126.9676597
서울숲시원마취통증의학과의원,의원,이학요법료,도수치료,,상세보기,"100,000","180,000",서울 성동구,9/29/21,새창,37.546122,127.0484338
서울스마트본의원,의원,이학요법료,도수치료,,상세보기,"100,000","150,000",서울 송파구,9/29/21,새창,37.498153,127.1343188
서울스카이정형외과의원,의원,이학요법료,도수치료,,상세보기,"200,000","200,000",서울 노원구,9/29/21,새창,37.6541852,127.0614531
서울시원한마취통증의학과의원,의원,이학요법료,도수치료,,상세보기,"10,000","100,000",서울 구로구,9/29/21,새창,,
서울아산다온재활의학과의원,의원,이학요법료,도수치료,,상세보기,"110,000","190,000",서울 금천구,3/3/22,새창,37.478246,126.8889358
서울아산신경과의원,의원,이학요법료,도수치료,,상세보기,"90,000","200,000",서울 서초구,9/29/21,새창,37.4843523,127.0352051
서울아산의원,의원,이학요법료,도수치료,,상세보기,"100,000","100,000",서울 서대문구,9/29/21,새창,37.577282,126.9232657
서울아산재활의학과의원,의원,이학요법료,도수치료,,상세보기,"20,000","90,000",서울 동대문구,9/29/21,새창,37.5754831,127.0722597
서울에스마취통증의학과의원,의원,이학요법료,도수치료,,상세보기,"37,000","37,000",서울 서초구,9/29/21,새창,37.4799665,126.8826362
서울에스엔재활의학과의원,의원,이학요법료,도수치료,,상세보기,"90,000","170,000",서울 노원구,9/29/21,새창,37.650036,127.0770202
서울에스의원,의원,,,,,보완요청중,보완요청중,서울 강동구,,새창,,
서울에이스마취통증의학과의원,의원,이학요법료,도수치료,,상세보기,"40,000","100,000",서울 중구,9/29/21,새창,37.5548629,126.9644863
서울에이스신경외과의원,의원,이학요법료,도수치료,,상세보기,"50,000","100,000",서울 구로구,9/29/21,새창,37.4887723,126.8842671
서울엔마취통증의학과의원,의원,이학요법료,도수치료,,상세보기,"90,000","250,000",서울 영등포구,9/29/21,새창,37.5223003,126.9262252
서울역연세공감의원,의원,이학요법료,도수치료,,상세보기,"97,000","197,200",서울 중구,9/29/21,새창,37.5412808,126.9489579
서울연세21세기의원,의원,이학요법료,도수치료,,상세보기,"70,000","70,000",서울 강남구,9/29/21,새창,37.5099924,127.0238235
서울연합의원,의원,이학요법료,도수치료,,상세보기,"1,000","150,000",서울 중랑구,9/29/21,새창,37.4846436,126.9469705
서울연합의원,의원,이학요법료,도수치료,,상세보기,"124,900","150,000",서울 관악구,3/10/22,새창,37.4846436,126.9469705
서울연합의원,의원,이학요법료,도수치료,,상세보기,"100,000","100,000",서울 노원구,9/29/21,새창,37.4846436,126.9469705
서울오케이마취통증의학과의원,의원,이학요법료,도수치료,,상세보기,"60,000","90,000",서울 도봉구,9/29/21,새창,37.6473897,127.0343912
서울올바른정형외과의원,의원,이학요법료,도수치료,,상세보기,"150,000","150,000",서울 서대문구,4/18/22,새창,,
서울우리의원,의원,이학요법료,도수치료,,상세보기,"90,000","90,000",서울 강북구,9/29/21,새창,37.635825,127.0336209
서울유가정의학과의원,의원,,,,,미제출,미제출,서울 서초구,,-,,
서울으뜸정형외과의원,의원,이학요법료,도수치료,,상세보기,"100,000","100,000",서울 금천구,9/29/21,새창,37.4657642,126.9022993
서울은마취통증의학과의원,의원,이학요법료,도수치료,,상세보기,"100,000","100,000",서울 강서구,9/29/21,새창,37.5543776,126.8510191
서울이즈정형외과의원,의원,이학요법료,도수치료,,상세보기,"50,000","200,000",서울 서초구,9/29/21,새창,37.4933081,127.0140553
서울일등재활의학과의원,의원,이학요법료,도수치료,,상세보기,"60,000","110,000",서울 강서구,9/29/21,새창,37.5424875,126.8441365
서울장안정형외과의원,의원,이학요법료,도수치료,,상세보기,"70,000","170,000",서울 동대문구,9/29/21,새창,37.5621452,127.0645915
서울정석정형외과의원,의원,이학요법료,도수치료,,상세보기,"100,000","100,000",서울 강남구,9/29/21,새창,37.4990707,127.0341706
서울정정형외과의원,의원,이학요법료,도수치료,,상세보기,"50,000","200,000",서울 중랑구,9/29/21,새창,37.5991454,127.0986618
서울정통의원,의원,이학요법료,도수치료,,상세보기,"100,000","180,000",서울 중구,1/6/22,새창,37.5703096,127.0232218
서울정형외과의원,의원,이학요법료,도수치료,,상세보기,"97,100","97,100",서울 용산구,9/29/21,새창,37.5467197,127.1348298
서울정형외과의원,의원,이학요법료,도수치료,,상세보기,"94,000","94,000",서울 도봉구,9/29/21,새창,37.5467197,127.1348298
서울정형외과의원,의원,이학요법료,도수치료,,상세보기,"70,000","140,000",서울 금천구,9/29/21,새창,37.5467197,127.1348298
서울정형외과의원,의원,이학요법료,도수치료,,상세보기,"100,000","100,000",서울 서대문구,9/29/21,새창,37.5467197,127.1348298
서울준신경외과의원,의원,이학요법료,도수치료,,상세보기,"100,000","180,000",서울 구로구,9/29/21,새창,37.4964851,126.8457418
서울준재활의학과의원,의원,이학요법료,도수치료,,상세보기,"5,000","300,000",서울 서초구,9/29/21,새창,37.4844758,127.0357116
서울중앙의료의원,의원,이학요법료,도수치료,,상세보기,"100,000","200,000",서울 중구,9/29/21,새창,37.5615629,126.9821154
서울진마취통증의학과의원,의원,이학요법료,도수치료,,상세보기,"75,000","75,000",서울 중랑구,9/29/21,새창,37.5745618,127.0848199
서울찬마취통증의학과의원,의원,이학요법료,도수치료,,상세보기,"60,000","120,000",서울 중구,9/29/21,새창,37.5548159,127.0102368
서울척척마취통증의학과의원,의원,이학요법료,도수치료,,상세보기,"70,000","140,000",서울 동작구,9/29/21,새창,37.5043357,126.9375747
서울척척신경외과의원,의원,이학요법료,도수치료,,상세보기,"100,000","100,000",서울 중랑구,9/29/21,새창,37.5322036,126.8467349
서울척척신경외과의원,의원,이학요법료,도수치료,,상세보기,"30,000","100,000",서울 강서구,9/29/21,새창,37.5322036,126.8467349
서울최마취통증의학과의원,의원,이학요법료,도수치료,,상세보기,"50,000","250,000",서울 도봉구,9/29/21,새창,37.654492,127.0377773
서울큐재활의학과의원,의원,이학요법료,도수치료,,상세보기,"30,000","170,000",서울 송파구,9/29/21,새창,37.50226,127.1094331
서울통정형외과의원,의원,이학요법료,도수치료,,상세보기,"50,000","160,000",서울 송파구,9/29/21,새창,37.5113865,127.0834983
서울통쾌한마취통증의학과의원,의원,이학요법료,도수치료,,상세보기,"80,000","150,000",서울 서대문구,9/29/21,새창,37.569167,126.9157663
서울투탑정형외과재활의학과의원,의원,,,,,미제출,미제출,서울 송파구,,-,37.5082937,127.1163309
서울튼튼마취통증의학과의원,의원,이학요법료,도수치료,,상세보기,"100,000","200,000",서울 강동구,9/29/21,새창,37.5528917,127.128888
서울퍼펙트정형외과의원,의원,이학요법료,도수치료,,상세보기,"80,000","150,000",서울 은평구,12/24/21,새창,,
서울필마취통증의학과의원,의원,이학요법료,도수치료,,상세보기,"50,000","50,000",서울 성동구,9/29/21,새창,37.5481802,127.0196328
서울현대재활의학과의원,의원,이학요법료,도수치료,,상세보기,"60,000","60,000",서울 광진구,9/29/21,새창,37.5650719,127.0804274
서울휴재활의학과의원,의원,이학요법료,도수치료,,상세보기,"30,000","150,000",서울 강남구,9/29/21,새창,37.5162749,127.0210472
서일우정형외과의원,의원,이학요법료,도수치료,,상세보기,"50,000","80,000",서울 중랑구,9/29/21,새창,37.6164445,127.0926492
서초양재참좋은정형외과의원,의원,이학요법료,도수치료,,상세보기,"40,000","100,000",서울 서초구,9/29/21,새창,37.4827711,127.034966
서초제일마디의원,의원,이학요법료,도수치료,,상세보기,"100,000","100,000",서울 서초구,9/29/21,새창,37.4849497,127.0147775
선양신경외과의원,의원,이학요법료,도수치료,,상세보기,"50,000","190,000",서울 강서구,9/29/21,새창,37.5502421,126.873724
선유도정형외과의원,의원,이학요법료,도수치료,,상세보기,"80,000","130,000",서울 영등포구,9/29/21,새창,37.53683,126.8964797
선정형외과의원,의원,이학요법료,도수치료,,상세보기,"200,000","200,000",서울 동대문구,9/29/21,새창,37.5762737,127.038776
설정형외과의원,의원,이학요법료,도수치료,,상세보기,"60,000","60,000",서울 강북구,9/29/21,새창,37.6137225,127.0305267
성덕외과의원·성덕경희한의원,의원,이학요법료,도수치료,,상세보기,"180,000","180,000",서울 동대문구,9/29/21,새창,37.5669861,127.0625801
성동군자의원,의원,이학요법료,도수치료,,상세보기,"50,000","50,000",서울 성동구,9/29/21,새창,,
성모365신경외과의원,의원,이학요법료,도수치료,,상세보기,"70,000","130,000",서울 영등포구,11/10/21,새창,37.5204602,126.9044707
성모365의원,의원,이학요법료,도수치료,,상세보기,"150,000","150,000",서울 강북구,9/29/21,새창,37.6193807,127.0207146
성모Y마취통증의학과의원,의원,이학요법료,도수치료,,상세보기,"60,000","200,000",서울 송파구,9/29/21,새창,37.5145202,127.1025333
성모더원신경외과의원,의원,이학요법료,도수치료,,상세보기,"50,000","120,000",서울 강북구,9/29/21,새창,37.6280577,127.0251108
성모마취통증의학과의원,의원,이학요법료,도수치료,,상세보기,"120,000","220,000",서울 영등포구,9/29/21,새창,37.5086361,127.0586131
성모바로나신경외과의원,의원,이학요법료,도수치료,,상세보기,"70,000","140,000",서울 동대문구,9/29/21,새창,37.5801098,127.0438072
성모바른정형외과의원,의원,이학요법료,도수치료,,상세보기,"90,000","90,000",서울 중구,9/29/21,새창,37.6407272,127.06816
성모센트라스정형외과의원,의원,이학요법료,도수치료,,상세보기,"100,000","100,000",서울 성동구,9/29/21,새창,37.5665508,127.0247865
성모센트럴정형외과의원,의원,이학요법료,도수치료,,상세보기,"100,000","180,000",서울 양천구,9/29/21,새창,37.5174204,126.8653309
성모수마취통증의학과의원,의원,이학요법료,도수치료,,상세보기,"50,000","50,000",서울 마포구,9/29/21,새창,37.5562023,126.9096538
성모엄지척정형외과의원,의원,이학요법료,도수치료,,상세보기,"100,000","150,000",서울 강서구,9/29/21,새창,37.5496059,126.835939
성모연합의원,의원,이학요법료,도수치료,,상세보기,"100,000","100,000",서울 노원구,9/29/21,새창,37.6627475,127.0734294
성모용정형외과의원,의원,이학요법료,도수치료,,상세보기,"130,000","300,000",서울 서초구,4/13/22,새창,37.4918503,127.0271768
성모진마취통증의학과의원,의원,이학요법료,도수치료,,상세보기,"120,000","120,000",서울 영등포구,9/29/21,새창,37.516915,126.9068757
성모참플러스정형외과의원,의원,이학요법료,도수치료,,상세보기,"80,000","220,000",서울 영등포구,9/29/21,새창,37.5196453,126.8890683
성모척바른의원,의원,이학요법료,도수치료,,상세보기,"30,000","100,000",서울 관악구,9/29/21,새창,37.4821833,126.9416417
성모척척재활의학과의원,의원,이학요법료,도수치료,,상세보기,"40,000","120,000",서울 동대문구,9/29/21,새창,37.590186,127.0564545
성모튼튼의원,의원,이학요법료,도수치료,,상세보기,"100,000","100,000",서울 서초구,9/29/21,새창,37.4705562,127.0251142
성모튼튼재활의학과의원,의원,이학요법료,도수치료,,상세보기,"70,000","130,000",서울 중랑구,11/16/21,새창,,
성모튼튼정형외과의원,의원,이학요법료,도수치료,,상세보기,"90,000","150,000",서울 관악구,9/29/21,새창,37.4763242,126.9772094
성모한길정형외과의원,의원,이학요법료,도수치료,,상세보기,"130,000","130,000",서울 중랑구,9/29/21,새창,37.5972644,127.0877307
성북삼성정형외과의원,의원,이학요법료,도수치료,,상세보기,"100,000","100,000",서울 성북구,9/29/21,새창,37.6069843,127.0613684
성북제일의원,의원,이학요법료,도수치료,,상세보기,"130,000","130,000",서울 성북구,9/29/21,새창,,
세란외과의원,의원,이학요법료,도수치료,,상세보기,100,"200,000",서울 서초구,11/19/21,새창,37.4849016,127.0384329
세란의원,의원,이학요법료,도수치료,,상세보기,"100,000","100,000",서울 영등포구,9/29/21,새창,37.5176447,126.8891658
세상의기쁨마취통증의학과의원,의원,이학요법료,도수치료,,상세보기,"100,000","150,000",서울 서대문구,9/29/21,새창,37.5584811,126.955591
세연마취통증의학과의원,의원,이학요법료,도수치료,,상세보기,"100,000","100,000",서울 강남구,9/29/21,새창,37.5168437,127.0198235
세움제일정형외과의원,의원,이학요법료,도수치료,,상세보기,"100,000","100,000",서울 구로구,9/29/21,새창,37.5061695,126.8766198
세일정형외과의원,의원,이학요법료,도수치료,,상세보기,"30,000","30,000",서울 노원구,9/29/21,새창,37.6399301,127.0642714
세종스포츠정형외과의원,의원,이학요법료,도수치료,,상세보기,"70,000","190,000",서울 광진구,9/29/21,새창,37.5514706,127.073884
세진정형외과의원,의원,이학요법료,도수치료,,상세보기,"60,000","160,000",서울 마포구,9/29/21,새창,37.5569643,126.9096011
세찬재활의학과의원,의원,이학요법료,도수치료,,상세보기,"90,000","170,000",서울 송파구,9/29/21,새창,37.4805094,127.1232611
센트럴정형외과의원,의원,이학요법료,도수치료,,상세보기,"50,000","120,000",서울 서초구,9/29/21,새창,37.5071118,127.0098751
소망마취통증의학과의원,의원,이학요법료,도수치료,,상세보기,"100,000","180,000",서울 종로구,9/29/21,새창,37.5753767,126.9733437
소망정형외과의원,의원,이학요법료,도수치료,,상세보기,"30,000","30,000",서울 강동구,9/29/21,새창,37.4891542,127.0675366
소망정형외과의원,의원,이학요법료,도수치료,,상세보기,"100,000","150,000",서울 강서구,9/29/21,새창,37.4891542,127.0675366
소생의원,의원,이학요법료,도수치료,,상세보기,"150,000","150,000",서울 양천구,9/29/21,새창,37.5485624,126.865157
손발튼튼정형외과의원,의원,이학요법료,도수치료,,상세보기,"80,000","80,000",서울 영등포구,9/29/21,새창,37.5046015,126.9100577
손철호재활의학과의원,의원,이학요법료,도수치료,,상세보기,"100,000","100,000",서울 강동구,9/29/21,새창,,
송파굿정형외과의원,의원,이학요법료,도수치료,,상세보기,"100,000","200,000",서울 송파구,9/29/21,새창,37.5114727,127.1133305
송파문정단단정형외과의원,의원,이학요법료,도수치료,,상세보기,"100,000","190,000",서울 송파구,9/29/21,새창,37.4868777,127.1204564
송파삼성정형외과의원,의원,이학요법료,도수치료,,상세보기,"30,000","80,000",서울 송파구,9/29/21,새창,37.5049873,127.1078536
송파파인의원,의원,이학요법료,도수치료,,상세보기,"50,000","200,000",서울 송파구,9/29/21,새창,37.486008,127.1334355
송파헬리오정형외과의원,의원,이학요법료,도수치료,,상세보기,"300,000","300,000",서울 송파구,9/29/21,새창,37.4976183,127.1072604
수락신경외과의원,의원,이학요법료,도수치료,,상세보기,"50,000","50,000",서울 노원구,9/29/21,새창,37.6535111,127.058447
수색신경외과의원,의원,이학요법료,도수치료,,상세보기,"30,000","120,000",서울 은평구,9/29/21,새창,37.5822583,126.8962904
수서그린나츄라의원,의원,,,,,미제출,미제출,서울 강남구,,-,,
수서정형외과의원,의원,이학요법료,도수치료,,상세보기,"100,000","100,000",서울 강남구,9/29/21,새창,37.488566,127.1041591
수연세재활의학과의원,의원,이학요법료,도수치료,,상세보기,"70,000","70,000",서울 은평구,9/29/21,새창,37.6190598,126.9226206
수유다나은정형외과의원,의원,이학요법료,도수치료,,상세보기,"90,000","130,000",서울 강북구,9/29/21,새창,37.6365236,127.0245779
수유탑정형외과의원,의원,이학요법료,도수치료,,상세보기,"90,000","150,000",서울 강북구,9/29/21,새창,37.6304604,127.0241982
수의원,의원,이학요법료,도수치료,,상세보기,"200,000","200,000",서울 동작구,9/29/21,새창,,
수재활의학과의원,의원,이학요법료,도수치료,,상세보기,"70,000","70,000",서울 노원구,9/29/21,새창,37.6149399,127.0640504
수정형외과의원,의원,이학요법료,도수치료,,상세보기,"70,000","70,000",서울 관악구,9/29/21,새창,37.4850892,126.9136781
슈어스성형외과의원,의원,,,,,미제출,미제출,서울 강남구,,-,,
슈퍼맨정형외과의원,의원,이학요법료,도수치료,,상세보기,"40,000","200,000",서울 동대문구,10/15/21,새창,37.5728966,127.0714415
스마일마취통증의학과의원,의원,이학요법료,도수치료,,상세보기,"130,000","300,000",서울 종로구,10/20/21,새창,37.5704875,126.9745275
스마일정형외과의원,의원,이학요법료,도수치료,,상세보기,"60,000","60,000",서울 영등포구,9/29/21,새창,37.5124994,126.9169545
스마트정형외과의원,의원,이학요법료,도수치료,,상세보기,"50,000","50,000",서울 강남구,9/29/21,새창,37.5004396,127.0344714
스타시티정형외과의원,의원,이학요법료,도수치료,,상세보기,"100,000","200,000",서울 광진구,9/29/21,새창,37.4940884,127.0299718
스피크재활의학과의원,의원,이학요법료,도수치료,,상세보기,"85,000","198,000",서울 송파구,9/29/21,새창,37.5076646,127.0797482
시그마마취통증의학과의원,의원,이학요법료,도수치료,,상세보기,"90,000","170,000",서울 송파구,9/29/21,새창,37.5145775,127.1025391
시너지정형외과의원,의원,이학요법료,도수치료,,상세보기,"30,000","80,000",서울 강남구,9/29/21,새창,37.5154506,127.0364282
시온정형외과의원,의원,이학요법료,도수치료,,상세보기,"70,000","70,000",서울 송파구,9/29/21,새창,37.5035633,127.1138368
시원마취통증의학과 의원,의원,이학요법료,도수치료,,상세보기,"50,000","50,000",서울 종로구,9/29/21,새창,,
시원마취통증의학과의원,의원,이학요법료,도수치료,,상세보기,"100,000","100,000",서울 강동구,11/4/21,새창,37.5365922,127.1334297
시원마취통증의학과의원,의원,이학요법료,도수치료,,상세보기,"80,000","130,000",서울 강서구,9/29/21,새창,37.5365922,127.1334297
시원척척의원,의원,이학요법료,도수치료,,상세보기,"80,000","200,000",서울 중랑구,9/29/21,새창,37.6064552,127.0947162
시청곧바른의원,의원,이학요법료,도수치료,,상세보기,"3,000","269,800",서울 중구,9/29/21,새창,37.5636696,126.976307
시청역성모정형외과의원,의원,이학요법료,도수치료,,상세보기,"80,000","230,000",서울 중구,9/29/21,새창,37.5623476,126.9742207
신근만에스마취통증의학과의원,의원,이학요법료,도수치료,,상세보기,"100,000","100,000",서울 송파구,9/29/21,새창,,
신길연세365의원,의원,이학요법료,도수치료,,상세보기,"100,000","100,000",서울 영등포구,9/29/21,새창,37.5082152,126.9054304
신길재활의학과의원,의원,이학요법료,도수치료,,상세보기,"50,000","80,000",서울 영등포구,9/29/21,새창,37.5061356,126.9096179
신내성모정형외과의원,의원,이학요법료,도수치료,,상세보기,"60,000","200,000",서울 중랑구,9/29/21,새창,37.6066852,127.0955682
신내푸른정형외과의원,의원,이학요법료,도수치료,,상세보기,"80,000","130,000",서울 중랑구,9/29/21,새창,37.605562,127.0951223
신당스카이정형외과의원,의원,이학요법료,도수치료,,상세보기,"50,000","200,000",서울 중구,9/29/21,새창,37.5658796,127.0219296
신대방참좋은정형외과의원,의원,이학요법료,도수치료,,상세보기,"70,000","120,000",서울 관악구,9/29/21,새창,37.486748,126.9133571
신도림신경외과의원,의원,이학요법료,도수치료,,상세보기,"100,000","150,000",서울 구로구,9/29/21,새창,37.5095178,126.8877039
신도림퍼스트정형외과의원,의원,이학요법료,도수치료,,상세보기,"100,000","150,000",서울 구로구,11/11/21,새창,,
신림정형외과의원,의원,이학요법료,도수치료,,상세보기,"80,000","150,000",서울 관악구,9/29/21,새창,37.4844311,126.9287996
신림제일정형외과의원,의원,이학요법료,도수치료,,상세보기,"50,000","200,000",서울 관악구,9/29/21,새창,37.4855079,126.9299291
신비마취통증의학과의원,의원,이학요법료,도수치료,,상세보기,"60,000","120,000",서울 강서구,9/29/21,새창,37.5669962,126.8170516
신우신경외과재활의학과의원,의원,이학요법료,도수치료,,상세보기,"50,000","50,000",서울 강남구,9/29/21,새창,37.521843,127.0368945
신이경의바로정형외과의원,의원,이학요법료,도수치료,,상세보기,"60,000","240,000",서울 서초구,9/29/21,새창,37.5060987,127.0034174
신창최정형외과의원,의원,이학요법료,도수치료,,상세보기,"90,000","90,000",서울 도봉구,9/29/21,새창,37.6403052,127.0400006
신촌삼성의원,의원,이학요법료,도수치료,,상세보기,"10,000","250,000",서울 마포구,9/29/21,새창,37.5563313,126.9437333
신통신경외과의원,의원,이학요법료,도수치료,,상세보기,"50,000","400,000",서울 강북구,9/29/21,새창,37.6317065,127.0244403
신풍마디튼튼의원,의원,이학요법료,도수치료,,상세보기,"100,000","100,000",서울 영등포구,9/29/21,새창,37.5002673,126.916644
신혜성의원,의원,이학요법료,도수치료,,상세보기,"70,000","100,000",서울 광진구,9/29/21,새창,37.5665545,127.0814513
심재철마취통증의학과의원,의원,이학요법료,도수치료,,상세보기,"100,000","150,000",서울 송파구,9/29/21,새창,37.4969986,127.1362955
심재학정형외과의원,의원,이학요법료,도수치료,,상세보기,"100,000","100,000",서울 양천구,9/29/21,새창,37.5301701,126.8380462
쌍문재활의학과의원,의원,이학요법료,도수치료,,상세보기,"100,000","100,000",서울 도봉구,11/17/21,새창,37.4931704,126.9897414
씨엔에스정형외과의원,의원,이학요법료,도수치료,,상세보기,"100,000","100,000",서울 강남구,9/29/21,새창,37.4939501,127.0629299
아나파신경과의원,의원,이학요법료,도수치료,,상세보기,"200,000","200,000",서울 서초구,9/29/21,새창,37.4928848,127.0130046
아름다운신경과의원,의원,이학요법료,도수치료,,상세보기,"10,000","100,000",서울 강동구,9/29/21,새창,,
아비스가정의학과의원,의원,이학요법료,도수치료,,상세보기,"100,000","160,000",서울 강남구,9/29/21,새창,,
아산본내과의원,의원,이학요법료,도수치료,,상세보기,"70,000","150,000",서울 강동구,9/29/21,새창,37.5368624,127.1393063
아이레그플러스의원,의원,이학요법료,도수치료,,상세보기,"140,000","200,000",서울 서초구,9/29/21,새창,,
아틀라스의원,의원,이학요법료,도수치료,,상세보기,"120,000","250,000",서울 송파구,9/29/21,새창,37.4868777,127.1204564
아현재활의학과의원,의원,이학요법료,도수치료,,상세보기,"60,000","120,000",서울 마포구,9/29/21,새창,37.5564626,126.9553262
알에스다나재활의학과의원,의원,이학요법료,도수치료,,상세보기,"100,000","250,000",서울 영등포구,9/29/21,새창,37.5207575,126.9269566
압구정강남바른정형외과의원,의원,이학요법료,도수치료,,상세보기,"150,000","150,000",서울 강남구,9/29/21,새창,37.5255661,127.0260696
압구정본정형외과의원,의원,이학요법료,도수치료,,상세보기,"50,000","50,000",서울 강남구,9/29/21,새창,37.5277817,127.0317164
압구정서울정형외과의원,의원,이학요법료,도수치료,,상세보기,"100,000","150,000",서울 강남구,9/29/21,새창,37.5260958,127.028912
양재바른정형외과의원,의원,이학요법료,도수치료,,상세보기,"80,000","190,000",서울 강남구,9/29/21,새창,37.4785554,127.045124
양재본정형외과의원,의원,이학요법료,도수치료,,상세보기,"100,000","190,000",서울 강남구,11/23/21,새창,37.485373,127.0341031
양재삼성마취통증의학과의원,의원,이학요법료,도수치료,,상세보기,"100,000","300,000",서울 서초구,9/29/21,새창,37.4690117,127.040142
양재성모정형외과의원,의원,이학요법료,도수치료,,상세보기,"30,000","290,000",서울 강남구,9/29/21,새창,37.4849717,127.0347727
양재숲연세정형외과의원,의원,이학요법료,도수치료,,상세보기,"100,000","200,000",서울 서초구,9/29/21,새창,37.4688416,127.0405305
양천신경외과의원,의원,이학요법료,도수치료,,상세보기,"50,000","100,000",서울 양천구,9/29/21,새창,37.5218642,126.8574415
어튼의원,의원,이학요법료,도수치료,,상세보기,"100,000","100,000",서울 송파구,9/29/21,새창,,
에스메디센터내과외과의원,의원,이학요법료,도수치료,,상세보기,"10,000","100,000",서울 성북구,9/29/21,새창,37.6107785,127.0352036
에스본의원,의원,이학요법료,도수치료,,상세보기,"150,000","150,000",서울 금천구,9/29/21,새창,37.4794589,126.9034727
에스앤제이신경외과의원,의원,이학요법료,도수치료,,상세보기,"100,000","150,000",서울 영등포구,9/29/21,새창,37.493232,126.8968596
에스엔(SN)재활의학과의원,의원,이학요법료,도수치료,,상세보기,"80,000","240,000",서울 노원구,9/29/21,새창,37.6310464,127.0609491
에스엠씨신라메디컬의원,의원,이학요법료,도수치료,,상세보기,"150,000","150,000",서울 강남구,9/29/21,새창,37.5050433,127.0412654
에스유마취통증의학과의원,의원,이학요법료,도수치료,,상세보기,"100,000","250,000",서울 성북구,9/29/21,새창,37.6599017,127.0698386
에이스본정형외과의원,의원,이학요법료,도수치료,,상세보기,"90,000","170,000",서울 강서구,9/29/21,새창,37.5593259,126.8255148
에이케이신경외과의원,의원,이학요법료,도수치료,,상세보기,"180,000","180,000",서울 강남구,9/29/21,새창,37.5055874,127.0513027
에프엠성모의원,의원,이학요법료,도수치료,,상세보기,"150,000","150,000",서울 성북구,9/29/21,새창,37.6050587,127.0309904
엠레드의원,의원,이학요법료,도수치료,,상세보기,"200,000","300,000",서울 강남구,11/25/21,새창,37.52081,127.0487267
엠앤비정형외과재활의학과의원,의원,이학요법료,도수치료,,상세보기,"130,000","130,000",서울 송파구,9/29/21,새창,37.5278271,127.1186247
엠제이의원,의원,이학요법료,도수치료,,상세보기,"300,000","300,000",서울 강남구,9/29/21,새창,37.4902474,127.0330042
엠체형의원,의원,이학요법료,도수치료,,상세보기,"100,000","200,000",서울 강남구,9/29/21,새창,37.494206,127.0776509
여봉구정형외과의원,의원,이학요법료,도수치료,,상세보기,"100,000","100,000",서울 성동구,9/29/21,새창,37.5585867,127.0333077
역삼생생본의원·한의원,의원,이학요법료,도수치료,,상세보기,"100,000","100,000",서울 강남구,11/10/21,새창,37.5018619,127.0359135
역삼성모내과의원,의원,,,,,미제출,미제출,서울 강남구,,-,,
연서정형외과의원,의원,이학요법료,도수치료,,상세보기,"100,000","150,000",서울 은평구,9/29/21,새창,37.6201724,126.9228457
연세가정의학과의원,의원,이학요법료,도수치료,,상세보기,"5,000","5,000",서울 영등포구,12/9/21,새창,37.4966918,127.0277221
연세강의원,의원,이학요법료,도수치료,,상세보기,"100,000","100,000",서울 강남구,9/29/21,새창,37.4873416,127.0515495
연세거뜬정형외과의원,의원,이학요법료,도수치료,,상세보기,"120,000","200,000",서울 노원구,9/29/21,새창,37.6260625,127.0724707
연세견우정형외과의원,의원,이학요법료,도수치료,,상세보기,"50,000","200,000",서울 강북구,3/10/22,새창,37.6261604,127.0265992
연세공감마취통증의학과의원,의원,이학요법료,도수치료,,상세보기,"97,000","247,200",서울 구로구,9/29/21,새창,37.5710343,126.9804824
연세공감마취통증의학과의원,의원,이학요법료,도수치료,,상세보기,"97,000","197,200",서울 중구,9/29/21,새창,37.5710343,126.9804824
연세공감마취통증의학과의원,의원,이학요법료,도수치료,,상세보기,"100,000","200,000",서울 서초구,9/29/21,새창,37.5710343,126.9804824
연세굿초이스정형외과의원,의원,이학요법료,도수치료,,상세보기,"150,000","150,000",서울 서초구,9/29/21,새창,37.4950367,127.0172938
연세그레이튼정형외과의원,의원,이학요법료,도수치료,,상세보기,"200,000","300,000",서울 강남구,9/29/21,새창,37.5044867,127.0886006
연세길마취통증의학과의원,의원,이학요법료,도수치료,,상세보기,"70,000","130,000",서울 금천구,9/29/21,새창,37.4705748,126.8985831
연세나무정형외과의원,의원,이학요법료,도수치료,,상세보기,"90,000","150,000",서울 성동구,9/29/21,새창,37.545153,127.0571368
연세노블재활의학과의원,의원,이학요법료,도수치료,,상세보기,"70,000","100,000",서울 송파구,9/29/21,새창,37.5085536,127.1266733
연세다나아마취통증의학과의원,의원,이학요법료,도수치료,,상세보기,"100,000","150,000",서울 성북구,9/29/21,새창,37.6131029,127.0652557
연세다엘마취통증의학과내과의원,의원,이학요법료,도수치료,,상세보기,"200,000","200,000",서울 강남구,9/29/21,새창,37.5061371,127.0340773
연세닥터스(Dr´s)외과의원·한의원,의원,이학요법료,도수치료,,상세보기,"80,000","160,000",서울 동대문구,9/29/21,새창,37.5720149,127.0735801
연세도깨비마취통증의학과의원,의원,이학요법료,도수치료,,상세보기,"60,000","100,000",서울 도봉구,9/29/21,새창,37.6651352,127.0355806
연세동대문정형외과의원,의원,이학요법료,도수치료,,상세보기,"80,000","170,000",서울 중구,9/29/21,새창,37.5664501,127.0066092
연세든든척의원,의원,이학요법료,도수치료,,상세보기,"100,000","150,000",서울 도봉구,9/29/21,새창,37.6694582,127.0431869
연세라파엘의원,의원,이학요법료,도수치료,,상세보기,"100,000","100,000",서울 영등포구,9/29/21,새창,,
연세로이재활의학과의원,의원,이학요법료,도수치료,,상세보기,"30,000","250,000",서울 양천구,1/12/22,새창,37.5107188,126.8418504
연세마취통증의학과의원,의원,이학요법료,도수치료,,상세보기,"70,000","100,000",서울 마포구,9/29/21,새창,37.4855074,127.0340252
연세메디모아의원,의원,,,,,미제출,미제출,서울 강동구,,새창,,
연세메트로마취통증의학과의원,의원,이학요법료,도수치료,,상세보기,"10,000","180,000",서울 은평구,9/29/21,새창,37.6197065,126.9216803
연세몸편한재활의학과의원,의원,이학요법료,도수치료,,상세보기,"50,000","150,000",서울 강동구,9/29/21,새창,37.5649683,127.1746155
연세바른마취통증의학과의원,의원,이학요법료,도수치료,,상세보기,"10,000","160,000",서울 강서구,9/29/21,새창,37.5721807,126.8112406
연세바른의원,의원,이학요법료,도수치료,,상세보기,"50,000","50,000",서울 관악구,9/29/21,새창,,
연세바른정형외과의원,의원,이학요법료,도수치료,,상세보기,"140,000","140,000",서울 송파구,9/29/21,새창,37.4960578,127.1309178
연세바른정형외과의원,의원,이학요법료,도수치료,,상세보기,"90,000","90,000",서울 영등포구,9/29/21,새창,37.4960578,127.1309178
연세베스트정형외과재활의학과의원,의원,이학요법료,도수치료,,상세보기,"30,000","180,000",서울 서초구,9/29/21,새창,37.4818646,126.9970075
연세보람정형외과의원,의원,이학요법료,도수치료,,상세보기,"20,000","20,000",서울 영등포구,9/29/21,새창,37.5169662,126.9066713
연세본외과의원,의원,이학요법료,도수치료,,상세보기,"150,000","150,000",서울 관악구,9/29/21,새창,37.4835511,126.9431479
연세본정형외과의원,의원,이학요법료,도수치료,,상세보기,"30,000","80,000",서울 강남구,9/29/21,새창,37.4880245,127.1018445
연세본정형외과의원,의원,이학요법료,도수치료,,상세보기,"100,000","100,000",서울 영등포구,9/29/21,새창,37.4880245,127.1018445
연세사랑의원,의원,이학요법료,도수치료,,상세보기,"125,000","125,000",서울 은평구,9/29/21,새창,,
연세사랑재활의학과의원,의원,이학요법료,도수치료,,상세보기,"90,000","180,000",서울 영등포구,9/29/21,새창,37.5337276,126.9011686
연세새롬의원,의원,이학요법료,도수치료,,상세보기,"100,000","100,000",서울 성동구,11/18/21,새창,37.5658515,127.0419511
연세새봄의원,의원,이학요법료,도수치료,,상세보기,"200,000","200,000",서울 강남구,9/29/21,새창,37.5223957,127.0379816
연세성모정형외과의원,의원,이학요법료,도수치료,,상세보기,"90,000","120,000",서울 관악구,9/29/21,새창,37.4855026,126.9555655
연세소담정신건강의학과의원,의원,,,,,보완요청중,보완요청중,서울 강남구,,새창,,
연세소통의원,의원,이학요법료,도수치료,,상세보기,"180,000","180,000",서울 강서구,9/29/21,새창,37.5403958,126.8369791
연세수재활의학과의원,의원,이학요법료,도수치료,,상세보기,"130,000","130,000",서울 양천구,9/29/21,새창,37.5356163,126.8787218
연세스탠다드정형외과의원,의원,이학요법료,도수치료,,상세보기,"100,000","200,000",서울 서초구,9/29/21,새창,37.5157646,127.0192069
연세시원정형외과의원,의원,이학요법료,도수치료,,상세보기,"120,000","120,000",서울 마포구,9/29/21,새창,37.5559537,126.9098535
연세신통마취통증의학과의원,의원,이학요법료,도수치료,,상세보기,"100,000","200,000",서울 동대문구,9/29/21,새창,37.6270229,127.0771328
연세신통마취통증의학과의원,의원,이학요법료,도수치료,,상세보기,"120,000","120,000",서울 노원구,9/29/21,새창,37.6270229,127.0771328
연세안마취통증의학과의원,의원,이학요법료,도수치료,,상세보기,"98,500","198,500",서울 양천구,9/29/21,새창,37.5489293,126.8680891
연세에스의원,의원,이학요법료,도수치료,,상세보기,"250,000","250,000",서울 강남구,9/29/21,새창,,
연세에스재활의학과의원,의원,이학요법료,도수치료,,상세보기,"80,000","240,000",서울 서초구,11/18/21,새창,37.4942611,127.0282717
연세에이스정형외과의원,의원,이학요법료,도수치료,,상세보기,"75,000","160,000",서울 동작구,9/29/21,새창,37.4979982,126.9274101
연세오케이마취통증의학과의원,의원,이학요법료,도수치료,,상세보기,"15,000","80,000",서울 강남구,9/29/21,새창,37.5057184,127.0481651
연세오케이신경외과의원,의원,이학요법료,도수치료,,상세보기,"100,000","100,000",서울 송파구,9/29/21,새창,37.497597,127.135139
연세오케이의원,의원,이학요법료,도수치료,,상세보기,"80,000","160,000",서울 중랑구,9/29/21,새창,37.5956489,127.0991266
연세올바른정형외과의원,의원,이학요법료,도수치료,,상세보기,"100,000","150,000",서울 성북구,9/29/21,새창,37.6083631,127.0101819
연세우리정형외과의원,의원,이학요법료,도수치료,,상세보기,"90,000","120,000",서울 성북구,9/29/21,새창,37.5317709,127.0812115
연세우수의원,의원,이학요법료,도수치료,,상세보기,"20,000","20,000",서울 동작구,9/29/21,새창,37.5192413,126.8852356
연세유피성형외과의원,의원,,,,,미제출,미제출,서울 강남구,,-,,
연세이김마취통증의학과의원,의원,이학요법료,도수치료,,상세보기,"70,000","70,000",서울 송파구,2/16/22,새창,37.4944605,127.1180758
연세이너힐의원,의원,이학요법료,도수치료,,상세보기,"100,000","150,000",서울 성북구,9/29/21,새창,37.6228842,127.0483878
연세자세굿재활의학과의원,의원,이학요법료,도수치료,,상세보기,"50,000","240,000",서울 종로구,9/29/21,새창,37.5704285,126.985553
연세자연의원,의원,,,,,미제출,미제출,서울 동작구,,-,37.5054521,127.0482536
연세재활의학과의원,의원,이학요법료,도수치료,,상세보기,"30,000","30,000",서울 마포구,9/29/21,새창,37.4840224,127.0844597
연세재활의학과의원,의원,이학요법료,도수치료,,상세보기,"30,000","100,000",서울 성동구,9/29/21,새창,37.4840224,127.0844597
연세재활의학과의원,의원,이학요법료,도수치료,,상세보기,"50,000","50,000",서울 구로구,9/29/21,새창,37.4840224,127.0844597
연세재활의학과의원,의원,이학요법료,도수치료,,상세보기,"100,000","100,000",서울 송파구,9/29/21,새창,37.4840224,127.0844597
연세재활의학과의원,의원,이학요법료,도수치료,,상세보기,"30,000","30,000",서울 양천구,9/29/21,새창,37.4840224,127.0844597
연세재활의학과의원,의원,이학요법료,도수치료,,상세보기,"90,000","270,000",서울 강남구,9/29/21,새창,37.4840224,127.0844597
연세정형외과의원,의원,이학요법료,도수치료,,상세보기,"100,000","100,000",서울 노원구,11/16/21,새창,37.5545508,127.134905
연세정형외과의원,의원,이학요법료,도수치료,,상세보기,"10,000","200,000",서울 은평구,9/29/21,새창,37.5545508,127.134905
연세정형외과의원,의원,이학요법료,도수치료,,상세보기,"70,000","70,000",서울 관악구,9/29/21,새창,37.5545508,127.134905
연세정형외과의원,의원,이학요법료,도수치료,,상세보기,"100,000","100,000",서울 동대문구,9/29/21,새창,37.5545508,127.134905
연세정형외과의원,의원,이학요법료,도수치료,,상세보기,"35,000","35,000",서울 마포구,9/29/21,새창,37.5545508,127.134905
연세정형외과의원,의원,이학요법료,도수치료,,상세보기,"20,000","100,000",서울 금천구,9/29/21,새창,37.5545508,127.134905
연세제일정형외과의원,의원,이학요법료,도수치료,,상세보기,"120,000","120,000",서울 강동구,11/17/21,새창,37.5383685,127.1405461
연세척척마취통증의학과의원,의원,이학요법료,도수치료,,상세보기,"50,000","50,000",서울 마포구,9/29/21,새창,37.5557789,126.9107211
연세척척재활의학과의원,의원,이학요법료,도수치료,,상세보기,"20,000","212,000",서울 강동구,9/29/21,새창,37.5380886,127.1398273
연세탄탄재활의학과의원,의원,이학요법료,도수치료,,상세보기,"50,000","180,000",서울 영등포구,9/29/21,새창,37.5221784,126.919944
연세탑정형외과의원,의원,이학요법료,도수치료,,상세보기,"50,000","200,000",서울 노원구,9/29/21,새창,37.65174,127.0616737
연세튼튼의원,의원,이학요법료,도수치료,,상세보기,"30,000","30,000",서울 관악구,9/29/21,새창,37.4906578,126.9258359
연세하나로의원,의원,이학요법료,도수치료,,상세보기,"100,000","100,000",서울 중구,9/29/21,새창,37.5677497,127.0081966
연세하나마취통증의학과의원,의원,이학요법료,도수치료,,상세보기,"100,000","100,000",서울 종로구,9/29/21,새창,37.5742014,127.0153175
연세하이소아청소년과의원,의원,이학요법료,도수치료,,상세보기,"50,000","50,000",서울 강서구,9/29/21,새창,,
연세한마취통증의학과의원,의원,이학요법료,도수치료,,상세보기,"100,000","150,000",서울 관악구,9/29/21,새창,37.4904929,126.9277574
연세한정형외과의원,의원,이학요법료,도수치료,,상세보기,"30,000","120,000",서울 송파구,9/29/21,새창,37.5120894,127.0842018
연세현대재활의학과의원,의원,이학요법료,도수치료,,상세보기,"60,000","120,000",서울 금천구,9/29/21,새창,37.4544653,126.9026998
연세휴재활의학과의원,의원,이학요법료,도수치료,,상세보기,"80,000","80,000",서울 영등포구,9/29/21,새창,37.5214962,126.9306896
연세휴정신건강의학과의원,의원,,,,,미제출,미제출,서울 강남구,,새창,,
연세힐링재활의학과의원,의원,이학요법료,도수치료,,상세보기,"88,000","130,000",서울 중구,1/17/22,새창,37.5570913,126.9736575
연세힐재활의학과의원,의원,이학요법료,도수치료,,상세보기,"80,000","150,000",서울 송파구,9/29/21,새창,37.5174066,127.103658
연신내정형외과의원,의원,이학요법료,도수치료,,상세보기,"70,000","70,000",서울 은평구,9/29/21,새창,37.6203711,126.9249783
열린가족의원,의원,이학요법료,도수치료,,상세보기,"90,000","90,000",서울 중랑구,9/29/21,새창,37.5897832,127.0928527
염주상정형외과의원,의원,이학요법료,도수치료,,상세보기,"90,000","200,000",서울 강서구,9/29/21,새창,37.5601067,126.838266
영의원,의원,이학요법료,도수치료,,상세보기,"90,000","90,000",서울 서초구,9/29/21,새창,,
예담신경외과의원,의원,이학요법료,도수치료,,상세보기,"80,000","160,000",서울 동작구,3/14/22,새창,37.4990887,126.9287743
예담정형외과의원,의원,이학요법료,도수치료,,상세보기,"90,000","120,000",서울 마포구,9/29/21,새창,37.5482359,126.9157764
예스마취통증의학과의원,의원,이학요법료,도수치료,,상세보기,"20,000","20,000",서울 영등포구,9/29/21,새창,37.5319884,126.9007799
예스마취통증의학과의원,의원,이학요법료,도수치료,,상세보기,"150,000","150,000",서울 송파구,9/29/21,새창,37.5319884,126.9007799
예풍의원·한의원,의원,이학요법료,도수치료,,상세보기,"150,000","150,000",서울 종로구,9/29/21,새창,,
오렌지마취통증의학과의원,의원,이학요법료,도수치료,,상세보기,"100,000","100,000",서울 강동구,9/29/21,새창,37.5403621,127.1258416
오상빈정형외과의원,의원,이학요법료,도수치료,,상세보기,"80,000","150,000",서울 성북구,9/29/21,새창,37.591463,127.0120061
오상신경외과의원,의원,이학요법료,도수치료,,상세보기,"100,000","150,000",서울 강남구,11/25/21,새창,,
오제홍재활의학과의원,의원,이학요법료,도수치료,,상세보기,"100,000","180,000",서울 성북구,9/29/21,새창,37.5921783,127.0155017
오케이신경외과의원,의원,이학요법료,도수치료,,상세보기,"100,000","100,000",서울 강서구,1/24/22,새창,,
오케이재활의학과의원,의원,이학요법료,도수치료,,상세보기,"50,000","100,000",서울 강동구,9/29/21,새창,37.5267275,127.1353772
옥수본정형외과의원,의원,이학요법료,도수치료,,상세보기,"80,000","150,000",서울 성동구,9/29/21,새창,37.5442707,127.0151919
온누리정형외과의원,의원,이학요법료,도수치료,,상세보기,"100,000","150,000",서울 노원구,9/29/21,새창,37.6573959,127.0746738
온마취통증의학과의원,의원,이학요법료,도수치료,,상세보기,"100,000","300,000",서울 동작구,9/29/21,새창,37.4907024,126.90844
올리나의원,의원,,,,,미제출,미제출,서울 강남구,,-,,
올림픽정형외과의원,의원,이학요법료,도수치료,,상세보기,"30,000","110,000",서울 송파구,9/29/21,새창,37.4915922,127.1164439
올바른마취통증의학과의원,의원,이학요법료,도수치료,,상세보기,"30,000","100,000",서울 성북구,9/29/21,새창,37.6108952,127.0565538
올바른의원,의원,이학요법료,도수치료,,상세보기,"60,000","150,000",서울 서초구,9/29/21,새창,37.488556,126.9937077
올본신경외과의원,의원,이학요법료,도수치료,,상세보기,"120,000","180,000",서울 동작구,9/29/21,새창,37.5097591,126.9638593
왕십리본정형외과의원,의원,이학요법료,도수치료,,상세보기,"100,000","250,000",서울 성동구,9/29/21,새창,37.5622763,127.0343493
왕십리정형외과의원,의원,이학요법료,도수치료,,상세보기,"80,000","80,000",서울 성동구,11/17/21,새창,37.5615222,127.0345723
용산튼튼의원,의원,이학요법료,도수치료,,상세보기,"100,000","150,000",서울 용산구,9/29/21,새창,37.5422116,126.971893
우대마취통증의학과의원,의원,이학요법료,도수치료,,상세보기,"50,000","50,000",서울 중랑구,9/29/21,새창,37.5807748,127.089218
우리가족주치의원,의원,이학요법료,도수치료,,상세보기,"100,000","100,000",서울 양천구,9/29/21,새창,37.532952,126.8324291
우리베스트내과의원,의원,이학요법료,도수치료,,상세보기,"100,000","200,000",서울 강북구,9/29/21,새창,37.6356641,127.0238352
우리본정형외과의원,의원,이학요법료,도수치료,,상세보기,"120,000","180,000",서울 중구,9/29/21,새창,37.5687921,126.9788346
우리신경외과의원,의원,이학요법료,도수치료,,상세보기,"15,000","15,000",서울 은평구,9/29/21,새창,37.5419489,127.1306037
우리의원,의원,이학요법료,도수치료,,상세보기,"50,000","140,000",서울 노원구,9/29/21,새창,37.5014993,126.8869066
우리정형외과의원,의원,이학요법료,도수치료,,상세보기,"70,000","150,000",서울 강서구,9/29/21,새창,37.4790142,127.0479597
우리정형외과의원,의원,이학요법료,도수치료,,상세보기,"55,000","55,000",서울 중구,9/29/21,새창,37.4790142,127.0479597
우신정형외과의원,의원,이학요법료,도수치료,,상세보기,"50,000","50,000",서울 송파구,9/29/21,새창,37.5113949,127.083202
울트라정형외과의원,의원,이학요법료,도수치료,,상세보기,"60,000","120,000",서울 관악구,9/29/21,새창,37.473217,126.919163
원정형외과의원,의원,이학요법료,도수치료,,상세보기,"60,000","250,000",서울 양천구,9/29/21,새창,37.5500811,126.8641952
월곡바른재활의학과의원,의원,이학요법료,도수치료,,상세보기,"100,000","250,000",서울 성북구,9/29/21,새창,37.6032771,127.0420691
월곡순정형외과의원,의원,이학요법료,도수치료,,상세보기,"100,000","100,000",서울 성북구,9/29/21,새창,37.6029883,127.0421269
웰206정형외과의원,의원,이학요법료,도수치료,,상세보기,"100,000","200,000",서울 송파구,9/29/21,새창,37.5114191,127.0797224
웰가의원,의원,이학요법료,도수치료,,상세보기,"200,000","200,000",서울 강남구,9/29/21,새창,37.5079353,127.0350285
웰본재활의학과의원,의원,이학요법료,도수치료,,상세보기,"100,000","150,000",서울 송파구,11/8/21,새창,,
위풍당당신경외과의원,의원,이학요법료,도수치료,,상세보기,"240,000","240,000",서울 동대문구,4/13/22,새창,37.5794303,127.0416986
유상호정형외과의원,의원,이학요법료,도수치료,,상세보기,"50,000","50,000",서울 강남구,9/29/21,새창,37.5068097,127.0333277
유시원마취통증의학과의원,의원,이학요법료,도수치료,,상세보기,"100,000","200,000",서울 성북구,9/29/21,새창,37.6011698,127.0339268
유앤강마취통증의학과의원,의원,이학요법료,도수치료,,상세보기,"60,000","60,000",서울 성동구,9/29/21,새창,37.5476208,127.0227221
유앤미의원,의원,,,,,미제출,미제출,서울 송파구,,-,,
유재욱재활의학과의원,의원,이학요법료,도수치료,,상세보기,"30,000","130,000",서울 강남구,9/29/21,새창,37.4857219,127.0339328
유재활의학과의원,의원,이학요법료,도수치료,,상세보기,"100,000","290,000",서울 강남구,9/29/21,새창,37.5062114,127.0241192
유정형외과의원,의원,이학요법료,도수치료,,상세보기,"3,500","3,500",서울 은평구,9/29/21,새창,37.5900075,126.916903
으랏차정형외과의원,의원,이학요법료,도수치료,,상세보기,"70,000","150,000",서울 영등포구,9/29/21,새창,37.5195658,126.904518
으샤신경외과의원,의원,이학요법료,도수치료,,상세보기,"100,000","100,000",서울 강동구,9/29/21,새창,37.5386108,127.1406114
은승표코리아정형외과의원,의원,이학요법료,도수치료,,상세보기,"50,000","90,000",서울 강남구,9/29/21,새창,37.5260162,127.0404584
은평더바른신경외과의원,의원,이학요법료,도수치료,,상세보기,"90,000","90,000",서울 은평구,9/29/21,새창,37.6194786,126.9229341
은평본정형외과의원,의원,이학요법료,도수치료,,상세보기,"70,000","130,000",서울 은평구,9/29/21,새창,37.5985424,126.9141167
은평서울정형외과의원,의원,이학요법료,도수치료,,상세보기,"100,000","150,000",서울 은평구,12/24/21,새창,37.6122936,126.932156
은혜산부인과의원,의원,이학요법료,도수치료,,상세보기,"2,000","80,000",서울 은평구,9/29/21,새창,,
을지로마디튼튼신경외과의원,의원,이학요법료,도수치료,,상세보기,"60,000","100,000",서울 중구,9/29/21,새창,37.5662854,126.9962072
을지로신경외과의원,의원,이학요법료,도수치료,,상세보기,"120,000","180,000",서울 중구,9/29/21,새창,37.5672092,126.9832338
을지로정형외과의원,의원,이학요법료,도수치료,,상세보기,"120,000","240,000",서울 중구,9/29/21,새창,37.566412,126.9840415
의료법인 국민의원,의원,,,,,미제출,미제출,서울 서대문구,,-,,
의료법인기독교연합의료재단삼성의원,의원,,,,,미제출,미제출,서울 강북구,,-,37.6163208,127.0337301
의료법인일맥의료재단 강동인애가의원,의원,이학요법료,도수치료,,상세보기,"150,000","150,000",서울 강동구,9/29/21,-,37.5288694,127.1230135
의료법인일맥의료재단 송파인애가의원,의원,이학요법료,도수치료,,상세보기,"50,000","150,000",서울 송파구,9/29/21,새창,37.4872702,127.1295085
의료법인장안의료재단홈메디칼의원,의원,이학요법료,도수치료,,상세보기,"100,000","230,000",서울 서대문구,9/29/21,새창,37.599056,126.9485239
의료법인풍산의료재단 창동제일의원,의원,이학요법료,도수치료,,상세보기,"50,000","100,000",서울 도봉구,9/29/21,새창,,
이기섭의원,의원,이학요법료,도수치료,,상세보기,"80,000","160,000",서울 양천구,9/29/21,새창,,
이담외과의원,의원,이학요법료,도수치료,,상세보기,"50,000","200,000",서울 강남구,3/22/22,새창,37.5215843,127.0326467
이레알찬정형외과의원,의원,이학요법료,도수치료,,상세보기,"60,000","120,000",서울 은평구,9/29/21,새창,37.6106754,126.9174382
이립마취통증의학과의원,의원,이학요법료,도수치료,,상세보기,"80,000","220,000",서울 서초구,9/29/21,새창,37.4912951,127.0302784
이문홍정형외과의원,의원,이학요법료,도수치료,,상세보기,"100,000","100,000",서울 양천구,9/29/21,새창,37.5223171,126.8747807
이석휴정형외과의원,의원,이학요법료,도수치료,,상세보기,"90,000","90,000",서울 강남구,9/29/21,새창,37.4939991,127.0613534
이에스(ES)해바라기의원,의원,이학요법료,도수치료,,상세보기,"100,000","200,000",서울 마포구,9/29/21,새창,37.5413333,126.9489375
이재성의원,의원,이학요법료,도수치료,,상세보기,"60,000","113,000",서울 영등포구,9/29/21,새창,37.5186836,126.9095981
이정형외과의원,의원,이학요법료,도수치료,,상세보기,"150,000","150,000",서울 동작구,9/29/21,새창,37.491405,126.925186
이준걸통증의원,의원,이학요법료,도수치료,,상세보기,"100,000","100,000",서울 중구,9/29/21,새창,37.5602598,126.9769443
이혁준정형외과의원,의원,이학요법료,도수치료,,상세보기,"50,000","260,000",서울 성북구,9/29/21,새창,37.5942669,127.0159379
이홍근정형외과의원,의원,이학요법료,도수치료,,상세보기,"100,000","200,000",서울 강서구,9/29/21,새창,37.5625367,126.8400748
일신외과의원,의원,이학요법료,도수치료,,상세보기,"20,000","20,000",서울 광진구,9/29/21,새창,37.5510906,127.0914967
임성준신경외과의원,의원,이학요법료,도수치료,,상세보기,"80,000","80,000",서울 광진구,9/29/21,새창,37.5399301,127.0948406
임의성마취통증의학과의원,의원,이학요법료,도수치료,,상세보기,"80,000","140,000",서울 양천구,9/29/21,새창,37.5497347,126.8641902
자세본재활의학과의원,의원,이학요법료,도수치료,,상세보기,"15,000","215,000",서울 성동구,1/6/22,새창,,
자애내과외과의원,의원,이학요법료,도수치료,,상세보기,"20,000","20,000",서울 강북구,9/29/21,새창,37.6420123,127.0295516
자연주의의원,의원,이학요법료,도수치료,,상세보기,"200,000","200,000",서울 강남구,9/29/21,새창,,
자인신경외과의원,의원,이학요법료,도수치료,,상세보기,"90,000","90,000",서울 서대문구,9/29/21,새창,37.589967,126.9432367
잠실바른정형외과의원,의원,이학요법료,도수치료,,상세보기,"90,000","150,000",서울 송파구,9/29/21,새창,37.517819,127.1017233
잠실본마취통증의학과의원,의원,이학요법료,도수치료,,상세보기,0,"110,000",서울 송파구,9/29/21,새창,37.5114754,127.0808469
잠실성모마취통증의학과의원,의원,이학요법료,도수치료,,상세보기,"80,000","250,000",서울 송파구,9/29/21,새창,37.5207845,127.1045119
잠실월드타워정형외과의원,의원,이학요법료,도수치료,,상세보기,"90,000","280,000",서울 송파구,9/29/21,새창,37.5125565,127.1025508
장안큰나무재활의학과의원,의원,이학요법료,도수치료,,상세보기,"70,000","250,000",서울 동대문구,9/29/21,새창,37.5726631,127.070817
장원의원,의원,이학요법료,도수치료,,상세보기,"20,000","30,000",서울 도봉구,9/29/21,새창,37.6525879,127.0507554
정구일정형외과의원,의원,이학요법료,도수치료,,상세보기,"100,000","100,000",서울 관악구,9/29/21,새창,37.4814609,126.9481861
정릉재활의학과의원,의원,이학요법료,도수치료,,상세보기,"50,000","50,000",서울 성북구,9/29/21,새창,37.6073767,127.0101198
정마취통증의학과의원,의원,이학요법료,도수치료,,상세보기,"30,000","100,000",서울 강북구,9/29/21,새창,37.6367983,127.0248586
정승기정형외과의원,의원,이학요법료,도수치료,,상세보기,"30,000","170,000",서울 은평구,9/29/21,새창,37.6093562,126.9312107
정영락의원,의원,,,,,미제출,미제출,서울 동작구,,-,,
정윤정형외과의원,의원,이학요법료,도수치료,,상세보기,"70,000","130,000",서울 금천구,9/29/21,새창,37.4539296,126.9013002
정의원,의원,이학요법료,도수치료,,상세보기,"10,000","100,000",서울 영등포구,9/29/21,새창,37.535143,126.8999717
정태호마취통증의학과의원,의원,이학요법료,도수치료,,상세보기,"10,000","30,000",서울 강동구,9/29/21,새창,,
제민정형외과의원,의원,이학요법료,도수치료,,상세보기,"150,000","150,000",서울 광진구,9/29/21,새창,37.5483828,127.0693575
제이본정형외과의원,의원,이학요법료,도수치료,,상세보기,"80,000","100,000",서울 양천구,9/29/21,새창,37.5465852,126.8706816
제일마취통증의학과의원,의원,이학요법료,도수치료,,상세보기,"30,000","30,000",서울 강서구,9/29/21,새창,37.5601903,126.846347
제일정형외과의원,의원,이학요법료,도수치료,,상세보기,"100,000","100,000",서울 동대문구,11/11/21,새창,37.6190042,127.0786692
조성진정형외과의원,의원,이학요법료,도수치료,,상세보기,"25,000","25,000",서울 강서구,9/29/21,새창,37.5502102,126.8726376
조셉정형외과의원,의원,이학요법료,도수치료,,상세보기,"100,000","100,000",서울 용산구,9/29/21,새창,37.51993,126.9744412
조은정형외과의원,의원,이학요법료,도수치료,,상세보기,"60,000","60,000",서울 관악구,9/29/21,새창,37.4864635,126.9472206
조인트정형외과의원,의원,이학요법료,도수치료,,상세보기,"50,000","100,000",서울 성북구,9/29/21,새창,37.6055229,127.011646
조태환정형외과의원,의원,이학요법료,도수치료,,상세보기,"30,000","50,000",서울 동작구,9/29/21,새창,37.5077685,126.9628895
종로광장정형외과의원,의원,이학요법료,도수치료,,상세보기,"80,000","80,000",서울 종로구,9/29/21,새창,37.5713591,127.0025
종로기대찬신경외과의원,의원,이학요법료,도수치료,,상세보기,"96,000","194,400",서울 종로구,9/29/21,새창,37.5710343,126.9804824
종로본정형외과의원,의원,이학요법료,도수치료,,상세보기,"72,000","150,000",서울 종로구,9/29/21,새창,37.5700483,127.001681
종로연세참재활의학과의원,의원,이학요법료,도수치료,,상세보기,"90,000","240,000",서울 종로구,9/29/21,새창,37.5706944,126.9917912
종로정형외과의원,의원,이학요법료,도수치료,,상세보기,"100,000","300,000",서울 종로구,9/29/21,새창,37.5708345,126.9798606
좋은날마취통증의학과의원,의원,이학요법료,도수치료,,상세보기,"150,000","150,000",서울 구로구,9/29/21,새창,37.4934097,126.8577247
주정형외과의원,의원,이학요법료,도수치료,,상세보기,"80,000","80,000",서울 동대문구,9/29/21,새창,37.575643,127.0476407
주정형외과의원,의원,이학요법료,도수치료,,상세보기,"95,000","95,000",서울 중랑구,9/29/21,새창,37.575643,127.0476407
준마취통증의학과의원,의원,이학요법료,도수치료,,상세보기,"100,000","150,000",서울 성동구,9/29/21,새창,37.5633795,126.8525226
준재활의학과의원,의원,이학요법료,도수치료,,상세보기,"100,000","300,000",서울 송파구,9/29/21,새창,37.6043358,127.0223968
중계본정형외과의원,의원,이학요법료,도수치료,,상세보기,"90,000","140,000",서울 노원구,9/29/21,새창,37.6515779,127.0774074
중계성모정형외과의원,의원,이학요법료,도수치료,,상세보기,"10,000","220,000",서울 노원구,9/29/21,새창,37.6512198,127.0764888
중계은행사거리 마취통증의학과의원,의원,이학요법료,도수치료,,상세보기,"100,000","100,000",서울 노원구,9/29/21,새창,37.6508422,127.077543
중랑성모정형외과의원,의원,이학요법료,도수치료,,상세보기,"80,000","150,000",서울 중랑구,9/29/21,새창,37.598824,127.0969476
중랑탑정형외과의원,의원,이학요법료,도수치료,,상세보기,"30,000","120,000",서울 중랑구,9/29/21,새창,37.5937528,127.0765527
중앙외과의원,의원,이학요법료,도수치료,,상세보기,"30,000","30,000",서울 도봉구,9/29/21,새창,37.6259269,127.0742699
지인마취통증의학과의원,의원,이학요법료,도수치료,,상세보기,"80,000","150,000",서울 송파구,9/29/21,새창,37.6318474,127.0175079
차두천마취통증의학과의원,의원,이학요법료,도수치료,,상세보기,"70,000","190,000",서울 송파구,9/29/21,새창,37.4984957,127.146426
차이마취통증의학과의원,의원,이학요법료,도수치료,,상세보기,"1,000","150,000",서울 관악구,9/29/21,새창,37.4814864,126.9539222
참마취통증의학과의원,의원,이학요법료,도수치료,,상세보기,"32,000","50,000",서울 송파구,9/29/21,새창,37.4932394,127.1451931
참바른정형외과가정의학과의원,의원,이학요법료,도수치료,,상세보기,"130,000","130,000",서울 강동구,9/29/21,새창,37.5520621,127.128548
참본의원,의원,이학요법료,도수치료,,상세보기,"100,000","150,000",서울 양천구,9/29/21,새창,37.5427305,126.8631374
참본정형외과의원 충정로점,의원,이학요법료,도수치료,,상세보기,"70,000","240,000",서울 중구,9/29/21,새창,37.5592842,126.9642564
참본정형외과의원마포점,의원,이학요법료,도수치료,,상세보기,"120,000","120,000",서울 마포구,9/29/21,새창,37.5477946,126.9329072
참빛외과의원,의원,이학요법료,도수치료,,상세보기,"100,000","200,000",서울 서대문구,9/29/21,새창,37.5574631,126.953131
참시원정형외과의원,의원,이학요법료,도수치료,,상세보기,"100,000","160,000",서울 강남구,9/29/21,새창,37.5101956,127.0426534
참자람정형외과의원,의원,이학요법료,도수치료,,상세보기,"120,000","120,000",서울 송파구,9/29/21,새창,37.5072036,127.0914095
참조은정형외과의원,의원,이학요법료,도수치료,,상세보기,"60,000","140,000",서울 강서구,9/29/21,새창,37.553487,126.8264536
참조은정형외과의원,의원,이학요법료,도수치료,,상세보기,"50,000","50,000",서울 중랑구,9/29/21,새창,37.553487,126.8264536
참편한마취통증의학과의원,의원,이학요법료,도수치료,,상세보기,"90,000","180,000",서울 은평구,9/29/21,새창,37.598462,126.9136731
창동신세계마취통증의학과의원,의원,이학요법료,도수치료,,상세보기,"95,000","120,000",서울 도봉구,9/29/21,새창,37.6520638,127.046113
채움마취통증의학과의원,의원,이학요법료,도수치료,,상세보기,"70,000","70,000",서울 마포구,9/29/21,새창,37.5346716,127.1352138
채움마취통증의학과의원,의원,이학요법료,도수치료,,상세보기,"80,000","150,000",서울 광진구,9/29/21,새창,37.5346716,127.1352138
척본의원,의원,이학요법료,도수치료,,상세보기,"80,000","250,000",서울 성동구,9/29/21,새창,37.5472179,127.0483799
척척나은정형외과의원,의원,이학요법료,도수치료,,상세보기,"150,000","150,000",서울 성동구,9/29/21,새창,37.558251,127.0344189
척척마취통증의학과의원,의원,이학요법료,도수치료,,상세보기,"50,000","200,000",서울 은평구,9/29/21,새창,37.6176456,126.9192525
척척명의원,의원,이학요법료,도수치료,,상세보기,"90,000","120,000",서울 노원구,9/29/21,새창,37.6561919,127.0615809
척편안의원,의원,이학요법료,도수치료,,상세보기,"30,000","180,000",서울 광진구,9/29/21,새창,37.5576985,127.0792261
척편한신경외과의원,의원,이학요법료,도수치료,,상세보기,"180,000","180,000",서울 도봉구,9/29/21,새창,37.660102,127.027322
청담리온정형외과의원,의원,이학요법료,도수치료,,상세보기,"110,000","195,000",서울 강남구,9/29/21,새창,37.516305,127.0506102
청담마디신경외과의원,의원,이학요법료,도수치료,,상세보기,"100,000","150,000",서울 강남구,9/29/21,새창,37.5166379,127.041237
청담봄여성의원,의원,이학요법료,도수치료,,상세보기,"200,000","200,000",서울 강남구,9/29/21,새창,,
청담성모정형외과의원,의원,이학요법료,도수치료,,상세보기,"50,000","250,000",서울 강남구,9/29/21,새창,37.5149738,127.0526451
청담에스에스640의원,의원,이학요법료,도수치료,,상세보기,"50,000","250,000",서울 강남구,9/29/21,새창,,
청담오케이성형외과의원,의원,,,,,미제출,미제출,서울 강남구,,-,,
최석용정형외과의원,의원,이학요법료,도수치료,,상세보기,"80,000","150,000",서울 구로구,9/29/21,새창,37.5064034,126.8833762
최인석의원,의원,이학요법료,도수치료,,상세보기,"100,000","200,000",서울 서초구,9/29/21,새창,,
최일규정형외과의원,의원,이학요법료,도수치료,,상세보기,"60,000","60,000",서울 동대문구,9/29/21,새창,37.5979186,127.0614745
친한의사의원,의원,이학요법료,도수치료,,상세보기,"100,000","300,000",서울 강남구,9/29/21,새창,37.5250914,127.0281445
카이로킴의원,의원,이학요법료,도수치료,,상세보기,"50,000","160,000",서울 송파구,9/29/21,새창,37.5114019,127.0825724
카이의원,의원,이학요법료,도수치료,,상세보기,"100,000","200,000",서울 강남구,9/29/21,새창,37.4840004,127.0942863
케이엠디의원,의원,,,,,미제출,미제출,서울 강남구,,-,,
케이플러스청담의원,의원,이학요법료,도수치료,,상세보기,"120,000","200,000",서울 강남구,9/29/21,새창,37.5233586,127.0383812
퀀텀정형외과의원,의원,이학요법료,도수치료,,상세보기,"100,000","100,000",서울 은평구,9/29/21,새창,37.6056592,126.9150808
큰나무재활의학과의원,의원,이학요법료,도수치료,,상세보기,"150,000","150,000",서울 강서구,9/29/21,새창,37.5473848,126.8367634
타임리턴의원,의원,이학요법료,도수치료,,상세보기,"95,000","245,000",서울 영등포구,9/29/21,새창,,
탄탄의원,의원,이학요법료,도수치료,,상세보기,"100,000","150,000",서울 강남구,9/29/21,새창,37.5179871,127.0402998
토마토마취통증의학과의원,의원,이학요법료,도수치료,,상세보기,"50,000","100,000",서울 도봉구,9/29/21,새창,37.6655475,127.0356
튼튼우리의원,의원,이학요법료,도수치료,,상세보기,"50,000","50,000",서울 강북구,9/29/21,새창,37.6336349,127.0173653
티아이피재활의학과의원,의원,이학요법료,도수치료,,상세보기,"100,000","200,000",서울 용산구,9/29/21,새창,37.5200094,126.9698661
파크원연세마디의원,의원,이학요법료,도수치료,,상세보기,"98,100","298,700",서울 영등포구,3/28/22,새창,37.555998,127.0807913
펜타힐의원,의원,이학요법료,도수치료,,상세보기,"180,000","180,000",서울 서초구,9/29/21,새창,37.4938596,127.0291104
편한내일마취통증의학과의원,의원,이학요법료,도수치료,,상세보기,"120,000","120,000",서울 성북구,9/29/21,새창,37.592798,127.0160255
포도나무정형외과의원,의원,이학요법료,도수치료,,상세보기,"100,000","180,000",서울 마포구,9/29/21,새창,37.5438099,126.9385845
포웰의원,의원,이학요법료,도수치료,,상세보기,"200,000","200,000",서울 송파구,9/29/21,새창,,
포인트마취통증의학과의원,의원,이학요법료,도수치료,,상세보기,"100,000","100,000",서울 중랑구,9/29/21,새창,37.5959148,127.0859888
표나실정형외과의원,의원,이학요법료,도수치료,,상세보기,"120,000","120,000",서울 서초구,9/29/21,새창,37.4892274,126.9872965
푸르메디의원,의원,이학요법료,도수치료,,상세보기,"80,000","80,000",서울 송파구,9/29/21,새창,37.5033108,127.125685
푸른정형외과의원,의원,이학요법료,도수치료,,상세보기,"50,000","95,000",서울 강서구,9/29/21,새창,37.5548228,126.8510458
푸른정형외과의원,의원,이학요법료,도수치료,,상세보기,"80,000","150,000",서울 동작구,9/29/21,새창,37.5548228,126.8510458
풀린의원,의원,이학요법료,도수치료,,상세보기,"100,000","100,000",서울 도봉구,9/29/21,새창,,
프롤로그의원,의원,이학요법료,도수치료,,상세보기,"100,000","150,000",서울 구로구,9/29/21,새창,37.4902626,126.8921637
하나의원,의원,이학요법료,도수치료,,상세보기,"10,000","10,000",서울 강북구,9/29/21,새창,37.6206326,127.0288893
하나재활의학과의원,의원,이학요법료,도수치료,,상세보기,"60,000","90,000",서울 강서구,9/29/21,새창,37.5332793,126.8385642
하나정형외과의원,의원,이학요법료,도수치료,,상세보기,"70,000","70,000",서울 중랑구,9/29/21,새창,37.6301391,127.0243217
하나정형외과의원,의원,이학요법료,도수치료,,상세보기,"30,000","30,000",서울 강서구,9/29/21,새창,37.6301391,127.0243217
하나정형외과의원,의원,이학요법료,도수치료,,상세보기,"100,000","200,000",서울 구로구,9/29/21,새창,37.6301391,127.0243217
하버드재활의학과의원,의원,이학요법료,도수치료,,상세보기,"50,000","100,000",서울 관악구,9/29/21,새창,,
한가람마취통증의학과의원,의원,이학요법료,도수치료,,상세보기,"50,000","150,000",서울 중구,9/29/21,새창,37.554422,127.0100409
한가람신경외과의원,의원,이학요법료,도수치료,,상세보기,"50,000","150,000",서울 강남구,9/29/21,새창,37.554422,127.0100409
한국정형외과의원,의원,이학요법료,도수치료,,상세보기,"90,000","100,000",서울 영등포구,9/29/21,새창,37.6484634,127.0350361
한그루정형외과의원,의원,이학요법료,도수치료,,상세보기,"80,000","80,000",서울 송파구,9/29/21,새창,37.5095346,127.1242565
한길정형외과의원,의원,이학요법료,도수치료,,상세보기,"100,000","180,000",서울 구로구,9/29/21,새창,37.511267,126.8844653
한나셀의원,의원,이학요법료,도수치료,,상세보기,"150,000","150,000",서울 강남구,11/25/21,새창,,
한마음의원,의원,이학요법료,도수치료,,상세보기,"100,000","100,000",서울 강동구,9/29/21,새창,37.6288251,127.0392114
한맘플러스재활의학과의원,의원,이학요법료,도수치료,,상세보기,"100,000","190,000",서울 강남구,9/29/21,새창,37.5039718,127.0606758
한빛마취통증의학과의원,의원,이학요법료,도수치료,,상세보기,"100,000","100,000",서울 강서구,9/29/21,새창,37.5506498,126.8650797
한사랑의원,의원,이학요법료,도수치료,,상세보기,"120,000","120,000",서울 중구,9/29/21,새창,37.6323392,127.0138353
한사랑의원,의원,이학요법료,도수치료,,상세보기,"100,000","100,000",서울 관악구,9/29/21,새창,37.6323392,127.0138353
한세정형외과의원,의원,이학요법료,도수치료,,상세보기,"100,000","100,000",서울 양천구,9/29/21,새창,37.5171903,126.8389333
한솔정형외과의원,의원,이학요법료,도수치료,,상세보기,"50,000","50,000",서울 구로구,9/29/21,새창,37.5527183,127.1287704
한솔정형외과의원,의원,이학요법료,도수치료,,상세보기,"50,000","50,000",서울 강동구,9/29/21,새창,37.5527183,127.1287704
한양재활의학과의원,의원,이학요법료,도수치료,,상세보기,"100,000","100,000",서울 은평구,9/29/21,새창,37.5478441,126.8352068
한양정형외과의원,의원,이학요법료,도수치료,,상세보기,"90,000","210,000",서울 동대문구,9/29/21,새창,37.5611714,127.069767
한양척척마취통증의학과의원,의원,이학요법료,도수치료,,상세보기,"100,000","100,000",서울 송파구,9/29/21,새창,37.5118753,127.1128883
한울사랑의료소비자생활협동조합한사랑의원,의원,이학요법료,도수치료,,상세보기,"100,000","100,000",서울 관악구,9/29/21,새창,37.4870949,126.928747
한진수정형외과의원,의원,이학요법료,도수치료,,상세보기,"40,000","40,000",서울 양천구,9/29/21,새창,37.522926,126.8734008
해가든제통의원,의원,이학요법료,도수치료,,상세보기,"100,000","100,000",서울 동작구,9/29/21,새창,37.5066681,126.9622064
해들인의원,의원,이학요법료,도수치료,,상세보기,"20,000","200,000",서울 서대문구,9/29/21,새창,37.5556569,126.9378882
해온마취통증의학과의원,의원,이학요법료,도수치료,,상세보기,"70,000","70,000",서울 광진구,9/29/21,새창,,
행당외과영상의학과의원,의원,이학요법료,도수치료,,상세보기,"10,000","150,000",서울 성동구,9/29/21,새창,,
허리편한의원,의원,이학요법료,도수치료,,상세보기,"100,000","100,000",서울 구로구,9/29/21,새창,37.4940221,126.8582496
허브신경과의원,의원,이학요법료,도수치료,,상세보기,"50,000","50,000",서울 강남구,9/29/21,새창,37.4979543,127.0539652
헤세드신경외과의원,의원,이학요법료,도수치료,,상세보기,"100,000","150,000",서울 서초구,9/29/21,새창,37.4819953,126.9976577
현대중앙의원,의원,이학요법료,도수치료,,상세보기,"20,000","20,000",서울 마포구,9/29/21,새창,37.5731355,126.8181642
현대척신경외과의원,의원,이학요법료,도수치료,,상세보기,"70,000","200,000",서울 동대문구,9/29/21,새창,37.5917173,127.0666048
현명신경외과의원,의원,이학요법료,도수치료,,상세보기,"96,400","197,400",서울 중구,9/29/21,새창,37.5629139,126.9746764
혜당의원,의원,이학요법료,도수치료,,상세보기,"110,000","145,000",서울 마포구,9/29/21,새창,,
혜성플러스의원,의원,이학요법료,도수치료,,상세보기,"30,000","30,000",서울 동대문구,9/29/21,새창,37.5626145,127.0657671
홍제삼성의원,의원,이학요법료,도수치료,,상세보기,"10,000","100,000",서울 서대문구,9/29/21,새창,37.5888423,126.9444584
화곡고려튼튼의원,의원,이학요법료,도수치료,,상세보기,"120,000","120,000",서울 강서구,9/29/21,새창,37.541828,126.8391696
화이팅마취통증의학과의원,의원,이학요법료,도수치료,,상세보기,"95,000","190,000",서울 동대문구,9/29/21,새창,37.5000225,127.0355043
화이팅마취통증의학과의원,의원,이학요법료,도수치료,,상세보기,"100,000","195,000",서울 강남구,9/29/21,새창,37.5000225,127.0355043
화인마취통증의학과의원,의원,이학요법료,도수치료,,상세보기,"150,000","150,000",서울 노원구,9/29/21,새창,37.5054553,127.0499243
화인마취통증의학과의원,의원,이학요법료,도수치료,,상세보기,"100,000","150,000",서울 서초구,9/29/21,새창,37.5054553,127.0499243
화인마취통증의학과의원,의원,이학요법료,도수치료,,상세보기,"100,000","100,000",서울 강남구,9/29/21,새창,37.5054553,127.0499243
화인마취통증의학과의원,의원,이학요법료,도수치료,,상세보기,"100,000","200,000",서울 광진구,9/29/21,새창,37.5054553,127.0499243
화인마취통증의학과의원,의원,이학요법료,도수치료,,상세보기,"100,000","100,000",서울 관악구,9/29/21,새창,37.5054553,127.0499243
화인마취통증의학과의원,의원,이학요법료,도수치료,,상세보기,"100,000","190,000",서울 종로구,9/29/21,새창,37.5054553,127.0499243
화인마취통증의학과의원,의원,이학요법료,도수치료,,상세보기,"100,000","200,000",서울 성동구,9/29/21,새창,37.5054553,127.0499243
화인마취통증의학과의원,의원,이학요법료,도수치료,,상세보기,"50,000","150,000",서울 강북구,9/29/21,새창,37.5054553,127.0499243
화인마취통증의학과의원,의원,이학요법료,도수치료,,상세보기,"100,000","100,000",서울 은평구,9/29/21,새창,37.5054553,127.0499243
화인마취통증의학과의원,의원,이학요법료,도수치료,,상세보기,"80,000","80,000",서울 강동구,9/29/21,새창,37.5054553,127.0499243
화인마취통증의학과의원,의원,이학요법료,도수치료,,상세보기,"100,000","150,000",서울 송파구,9/29/21,새창,37.5054553,127.0499243
화인마취통증의학과의원,의원,이학요법료,도수치료,,상세보기,"200,000","200,000",서울 영등포구,9/29/21,새창,37.5054553,127.0499243
화인마취통증의학과의원 용산점,의원,이학요법료,도수치료,,상세보기,"100,000","200,000",서울 용산구,9/29/21,새창,37.5257665,126.9678526
화인의원,의원,이학요법료,도수치료,,상세보기,"100,000","150,000",서울 마포구,9/29/21,새창,37.5402493,126.9475554
화인통증의학과의원,의원,이학요법료,도수치료,,상세보기,"150,000","150,000",서울 중구,9/29/21,새창,37.5658796,127.0219296
확실한신경외과의원,의원,이학요법료,도수치료,,상세보기,"50,000","100,000",서울 중랑구,9/29/21,새창,37.580948,127.0880541
활기찬정형외과의원,의원,이학요법료,도수치료,,상세보기,"80,000","160,000",서울 은평구,9/29/21,새창,37.6211525,126.9196585
활선재활의학과의원,의원,이학요법료,도수치료,,상세보기,"100,000","200,000",서울 서초구,9/29/21,새창,37.4953354,127.0283627
휴엘재활의학과의원,의원,이학요법료,도수치료,,상세보기,"120,000","290,000",서울 영등포구,9/29/21,새창,37.5293678,126.9198852
휴의원,의원,,,,,미제출,미제출,서울 중구,,-,,
휴플러스유의원,의원,이학요법료,도수치료,,상세보기,"100,000","130,000",서울 강동구,9/29/21,새창,,
희망나무재활의학과의원,의원,이학요법료,도수치료,,상세보기,"80,000","150,000",서울 동대문구,9/29/21,새창,37.5750426,127.0236072
힐마취통증의학과의원,의원,이학요법료,도수치료,,상세보기,"60,000","180,000",서울 서초구,9/29/21,새창,37.4886346,126.9926271
힘내라내과의원,의원,이학요법료,도수치료,,상세보기,"50,000","100,000",서울 성동구,9/29/21,새창,37.5672045,127.0627929
힘찬나아라정형외과의원,의원,이학요법료,도수치료,,상세보기,"50,000","150,000",서울 양천구,9/29/21,새창,37.5186593,126.8739724
힘찬부성정형외과의원,의원,이학요법료,도수치료,,상세보기,"80,000","80,000",서울 강서구,9/29/21,새창,37.5318187,126.8577833